{
  "color": [
    {
      "name": "start_window_background",
      "value": "#FFFFFF"
    },
    {
      "name": "white",
      "value": "#FFFFFF"
    },
    {
      "name": "background",
      "value": "#F1F3F5"
    },
    {
      "name": "title_text_color",
      "value": "#182431"
    },
    {
      "name": "login_more_text_color",
      "value": "#99182431"
    },
    {
      "name": "placeholder_color",
      "value": "#99182431"
    },
    {
      "name": "line_color",
      "value": "#33182431"
    },
    {
      "name": "login_button_color",
      "value": "#007DFF"
    },
    {
      "name": "login_blue_text_color",
      "value": "#007DFF"
    },
    {
      "name": "other_login_text_color",
      "value": "#838D97"
    },
    {
      "name": "loading_color",
      "value": "#182431"
    },
    {
      "name": "mainPage_selected",
      "value": "#1698CE"
    },
    {
      "name": "mainPage_normal",
      "value": "#6B6B6B"
    },
    {
      "name": "mainPage_backgroundColor",
      "value": "#F1F3F5"
    },
    {
      "name": "home_grid_fontColor",
      "value": "#99182431"
    },
    {
      "name": "setting_button_backgroundColor",
      "value": "#E5E8EA"
    },
    {
      "name": "setting_button_fontColor",
      "value": "#FA2A2D"
    },
    {
      "name": "grey_light",
      "value": "#F1F3F5"
    },
    {
      "name": "grey_divider",
      "value": "#182431"
    },
    {
      "name": "blue_light",
      "value": "#007DFF"
    },
    {
      "name": "grey_with_opacity",
      "value": "#0C182431"
    },
    {
      "name": "red_light",
      "value": "#FA2A2D"
    },
    {
      "name": "trans_parent",
      "value": "#00000000"
    },
    {
      "name": "green_light",
      "value": "#17A98E"
    }
  ]
}