{
  "string": [
    {
      "name": "module_desc",
      "value": "description"
    },
    {
      "name": "EntryAbility_desc",
      "value": "description"
    },
    {
      "name": "EntryAbility_label",
      "value": "ArkTSComponents"
    },
    {
      "name": "login_page",
      "value": "A new day"
    },
    {
      "name": "login_more",
      "value": "Log in to your account to use more services"
    },
    {
      "name": "account",
      "value": "Account"
    },
    {
      "name": "password",
      "value": "Password"
    },
    {
      "name": "login",
      "value": "Log in"
    },
    {
      "name": "register_account",
      "value": "Registering an Account"
    },
    {
      "name": "forgot_password",
      "value": "Forgot Password"
    },
    {
      "name": "message_login",
      "value": "SMS verification code login"
    },
    {
      "name": "other_login_method",
      "value": "Other login methods (Unsupported)"
    },
    {
      "name": "vertical_line",
      "value": "  |  "
    },
    {
      "name": "input_empty_tips",
      "value": "The input cannot be empty."
    },
    {
      "name": "incorrect_password_tips",
      "value": "Incorrect password."
    },
    {
      "name": "wait_tips",
      "value": "loding..."
    },
    {
      "name": "login_success",
      "value": "The login is successful."
    },
    {
      "name": "my_love",
      "value": "My favorite"
    },
    {
      "name": "history_record",
      "value": "History"
    },
    {
      "name": "message",
      "value": "Message"
    },
    {
      "name": "shopping_cart",
      "value": "Shopping cart"
    },
    {
      "name": "my_goal",
      "value": "My goal"
    },
    {
      "name": "group",
      "value": "Group"
    },
    {
      "name": "favorites",
      "value": "Favorites"
    },
    {
      "name": "recycle_bin",
      "value": "Recycle Bin"
    },
    {
      "name": "rankings",
      "value": "Rankings"
    },
    {
      "name": "new_product_debut",
      "value": "New product debut"
    },
    {
      "name": "big_name_flash",
      "value": "Big name flash"
    },
    {
      "name": "find_good",
      "value": "Find good things"
    },
    {
      "name": "xiamen_station",
      "value": "Xiamen Station, we'll see you."
    },
    {
      "name": "more_big_names",
      "value": "More Big Names"
    },
    {
      "name": "push_notifications",
      "value": "Push Notifications"
    },
    {
      "name": "data_management",
      "value": "Data Management"
    },
    {
      "name": "menu_settings",
      "value": "Menu Settings"
    },
    {
      "name": "about",
      "value": "About"
    },
    {
      "name": "clear_cache",
      "value": "Clear Cache"
    },
    {
      "name": "mainPage_tabTitles_home",
      "value": "Home"
    },
    {
      "name": "mainPage_tabTitles_mine",
      "value": "Mine"
    },
    {
      "name": "mainPage_top",
      "value": "必起闹钟"
    },
    {
      "name": "mainPage_text_top",
      "value": "Xiamen Station, we'll see you."
    },
    {
      "name": "mainPage_new",
      "value": "效率控"
    },
    {
      "name": "mainPage_text_new",
      "value": "Xiamen Station, we'll see you."
    },
    {
      "name": "mainPage_brand",
      "value": "心流计时器"
    },
    {
      "name": "mainPage_text_brand",
      "value": "More Big Names"
    },
    {
      "name": "mainPage_found",
      "value": "拒绝手机控"
    },
    {
      "name": "mainPage_text_found",
      "value": "Xiamen Station, we'll see you."
    },
    {
      "name": "setting_account_name",
      "value": "Mr. Lee"
    },
    {
      "name": "setting_account_email",
      "value": "2000000@shenhua.cc"
    },
    {
      "name": "setting_list_news",
      "value": "Push Notifications"
    },
    {
      "name": "setting_list_data",
      "value": "Data Management"
    },
    {
      "name": "setting_list_menu",
      "value": "Menu Settings"
    },
    {
      "name": "setting_list_about",
      "value": "Clear Cache"
    },
    {
      "name": "setting_list_storage",
      "value": "清除缓存"
    },
    {
      "name": "setting_list_privacy",
      "value": "Privacy Agreement"
    },
    {
      "name": "setting_button",
      "value": "Logout"
    },
    {
      "name": "home_list",
      "value": "List"
    },
    {
      "name": "setting_toggle",
      "value": "switch"
    },
    {
      "name": "register",
      "value": "Register"
    },
    {
      "name": "register_more",
      "value": "Please register your account"
    },
    {
      "name": "back_to_log_in",
      "value": "Back"
    },
    {
      "name": "entry_desc",
      "value": "description"
    },
    {
      "name": "MainAbility_desc",
      "value": "description"
    },
    {
      "name": "MainAbility_label",
      "value": "AlarmClock"
    },
    {
      "name": "confirm",
      "value": "确定"
    },
    {
      "name": "cancel",
      "value": "取消"
    },
    {
      "name": "ring_duration",
      "value": "闹铃时长"
    },
    {
      "name": "ring_interval",
      "value": "再响间隔"
    },
    {
      "name": "ring_interval_content",
      "value": "响铃间隔时间（分钟）"
    },
    {
      "name": "ring_times_content",
      "value": "重复响铃次数"
    },
    {
      "name": "alarm_name",
      "value": "闹钟名"
    },
    {
      "name": "repeat_name",
      "value": "重复"
    },
    {
      "name": "new_alarm",
      "value": "新建闹钟"
    },
    {
      "name": "update_alarm",
      "value": "修改闹钟"
    },
    {
      "name": "delete",
      "value": "删除"
    },
    {
      "name": "reason",
      "value": "通知"
    }
  ]
}
