{"C:\\Users\\HP\\DevEcoStudioProjects\\MyApplication_homepage2\\AppScope\\app.json5":{"hashValue":"43edc343012f48c7bdd4258c744919f1","name":"app.json5","path":"C:\\Users\\HP\\DevEcoStudioProjects\\MyApplication_homepage2\\AppScope\\app.json5","type":"file","isSymbolicLink":false,"fileMetaData":{"size":229,"lastModifiedTime":1721177494933}},"C:\\Users\\HP\\DevEcoStudioProjects\\MyApplication_homepage2\\entry\\src\\main\\module.json5":{"hashValue":"ba9318342a2cab90309e88065e5dd105","name":"module.json5","path":"C:\\Users\\HP\\DevEcoStudioProjects\\MyApplication_homepage2\\entry\\src\\main\\module.json5","type":"file","isSymbolicLink":false,"fileMetaData":{"size":939,"lastModifiedTime":1721177494979}},"C:\\Users\\HP\\DevEcoStudioProjects\\MyApplication_homepage2\\entry\\src\\main\\resources\\base\\profile\\main_pages.json":{"hashValue":"2caed2f0ad4bae5c52cc1a825c34fbae","name":"main_pages.json","path":"C:\\Users\\HP\\DevEcoStudioProjects\\MyApplication_homepage2\\entry\\src\\main\\resources\\base\\profile\\main_pages.json","type":"file","isSymbolicLink":false,"fileMetaData":{"size":37,"lastModifiedTime":1721177491253}},"C:\\Users\\HP\\DevEcoStudioProjects\\MyApplication_homepage2\\entry\\oh-package.json5":{"hashValue":"426b7b3478d6d953fa8acae430308511","name":"oh-package.json5","path":"C:\\Users\\HP\\DevEcoStudioProjects\\MyApplication_homepage2\\entry\\oh-package.json5","type":"file","isSymbolicLink":false,"fileMetaData":{"size":183,"lastModifiedTime":1721177490787}},"C:\\Users\\HP\\DevEcoStudioProjects\\MyApplication_homepage2\\entry\\.preview\\default\\intermediates\\merge_profile\\default\\module.json":{"hashValue":"7a4d54d6269a3a34fd1fc269634ac7c2","name":"module.json","path":"C:\\Users\\HP\\DevEcoStudioProjects\\MyApplication_homepage2\\entry\\.preview\\default\\intermediates\\merge_profile\\default\\module.json","type":"file","isSymbolicLink":false,"fileMetaData":{"size":1144,"lastModifiedTime":1721178646496}},"C:\\Users\\HP\\DevEcoStudioProjects\\MyApplication_homepage2\\entry\\.preview\\default\\intermediates\\loader\\default\\loader.json":{"hashValue":"3aa9be5a5f21c8fbef77c69774a9e375","name":"loader.json","path":"C:\\Users\\HP\\DevEcoStudioProjects\\MyApplication_homepage2\\entry\\.preview\\default\\intermediates\\loader\\default\\loader.json","type":"file","isSymbolicLink":false,"fileMetaData":{"size":429,"lastModifiedTime":1721178646501}},"C:\\Users\\HP\\DevEcoStudioProjects\\MyApplication_homepage2\\entry\\.preview\\default\\intermediates\\process_profile\\default\\module.json":{"hashValue":"991056fe30061911e49ce5791a86c77a","name":"module.json","path":"C:\\Users\\HP\\DevEcoStudioProjects\\MyApplication_homepage2\\entry\\.preview\\default\\intermediates\\process_profile\\default\\module.json","type":"file","isSymbolicLink":false,"fileMetaData":{"size":1229,"lastModifiedTime":1721178646622}},"{\"commandList\":[\"D:\\\\huawei\\\\devecostudio-windows-4.0.0.600\\\\openharmony\\\\9\\\\toolchains\\\\restool.exe\",\"-m\",\"entry\",\"-f\",\"-j\",\"C:\\\\Users\\\\HP\\\\DevEcoStudioProjects\\\\MyApplication_homepage2\\\\entry\\\\.preview\\\\default\\\\intermediates\\\\process_profile\\\\default\\\\module.json\",\"-p\",\"com.example.myapplication_homepage\",\"-o\",\"C:\\\\Users\\\\HP\\\\DevEcoStudioProjects\\\\MyApplication_homepage2\\\\entry\\\\.preview\\\\default\\\\intermediates\\\\res\\\\default\",\"-r\",\"C:\\\\Users\\\\HP\\\\DevEcoStudioProjects\\\\MyApplication_homepage2\\\\entry\\\\.preview\\\\default\\\\generated\\\\r\\\\default\\\\ResourceTable.h\"],\"inputFiles\":{\"_group\":{}},\"outputFiles\":{\"_group\":{}},\"existsResourceDir\":true,\"restoolLinkParamObj\":{\"appScopeResources\":\"C:\\\\Users\\\\HP\\\\DevEcoStudioProjects\\\\MyApplication_homepage2\\\\AppScope\\\\resources\",\"moduleResourcesMap\":{},\"harResourcesMap\":{},\"outputPath\":\"C:\\\\Users\\\\HP\\\\DevEcoStudioProjects\\\\MyApplication_homepage2\\\\entry\\\\.preview\\\\default\\\\intermediates\\\\res\\\\default\",\"linkCommand\":[\"D:\\\\huawei\\\\devecostudio-windows-4.0.0.600\\\\openharmony\\\\9\\\\toolchains\\\\restool.exe\",\"-m\",\"entry\",\"-f\",\"-j\",\"C:\\\\Users\\\\HP\\\\DevEcoStudioProjects\\\\MyApplication_homepage2\\\\entry\\\\.preview\\\\default\\\\intermediates\\\\process_profile\\\\default\\\\module.json\",\"-p\",\"com.example.myapplication_homepage\",\"-r\",\"C:\\\\Users\\\\HP\\\\DevEcoStudioProjects\\\\MyApplication_homepage2\\\\entry\\\\.preview\\\\default\\\\generated\\\\r\\\\default\\\\ResourceTable.h\",\"-z\"]}}":{"hashValue":"","name":"emptyroot","path":"","type":"unknown","isSymbolicLink":false,"children":[]},"C:\\Users\\HP\\DevEcoStudioProjects\\MyApplication_homepage2\\entry\\src\\main\\resources":{"hashValue":"835ef5e0c64eb9c1330b4d6dc061c269","name":"resources","path":"C:\\Users\\HP\\DevEcoStudioProjects\\MyApplication_homepage2\\entry\\src\\main\\resources","type":"directory","isSymbolicLink":false,"children":[{"hashValue":"d134af9bc77f591109ab1f3158028664","name":"base","path":"C:\\Users\\HP\\DevEcoStudioProjects\\MyApplication_homepage2\\entry\\src\\main\\resources\\base","type":"directory","isSymbolicLink":false,"children":[{"hashValue":"e886c86f9ef38d94235963f6135ea156","name":"element","path":"C:\\Users\\HP\\DevEcoStudioProjects\\MyApplication_homepage2\\entry\\src\\main\\resources\\base\\element","type":"directory","isSymbolicLink":false,"children":[{"hashValue":"40e78d5ae8fcb5cea99e3c055b11167b","name":"color.json","path":"C:\\Users\\HP\\DevEcoStudioProjects\\MyApplication_homepage2\\entry\\src\\main\\resources\\base\\element\\color.json","type":"file","isSymbolicLink":false,"fileMetaData":{"size":105,"lastModifiedTime":1721177491172}},{"hashValue":"4ec0e4ef78db78ddb6a8468693ea47b7","name":"string.json","path":"C:\\Users\\HP\\DevEcoStudioProjects\\MyApplication_homepage2\\entry\\src\\main\\resources\\base\\element\\string.json","type":"file","isSymbolicLink":false,"fileMetaData":{"size":247,"lastModifiedTime":1721177495227}}]},{"hashValue":"a2f509aa6a37de24cecd43c7532f2524","name":"media","path":"C:\\Users\\HP\\DevEcoStudioProjects\\MyApplication_homepage2\\entry\\src\\main\\resources\\base\\media","type":"directory","isSymbolicLink":false,"children":[{"hashValue":"109019f72250daa6a2abdb4ba9bf11d1","name":"icon.png","path":"C:\\Users\\HP\\DevEcoStudioProjects\\MyApplication_homepage2\\entry\\src\\main\\resources\\base\\media\\icon.png","type":"file","isSymbolicLink":false,"fileMetaData":{"size":2041,"lastModifiedTime":1721177491190}},{"hashValue":"54b581afb18c7ec3652ed0157f5cddf0","name":"img_2.jpg","path":"C:\\Users\\HP\\DevEcoStudioProjects\\MyApplication_homepage2\\entry\\src\\main\\resources\\base\\media\\img_2.jpg","type":"file","isSymbolicLink":false,"fileMetaData":{"size":173381,"lastModifiedTime":1721140602751}},{"hashValue":"a2e20ff1b233db2032b6a82b17989c2b","name":"img.png","path":"C:\\Users\\HP\\DevEcoStudioProjects\\MyApplication_homepage2\\entry\\src\\main\\resources\\base\\media\\img.png","type":"file","isSymbolicLink":false,"fileMetaData":{"size":4777,"lastModifiedTime":1721181884083}},{"hashValue":"c2758a75972e164dbda3f0b2e883040e","name":"QQ.png","path":"C:\\Users\\HP\\DevEcoStudioProjects\\MyApplication_homepage2\\entry\\src\\main\\resources\\base\\media\\QQ.png","type":"file","isSymbolicLink":false,"fileMetaData":{"size":524064,"lastModifiedTime":1721182323642}},{"hashValue":"ff22ee270127bc6bacc18218d5e213d8","name":"startIcon.png","path":"C:\\Users\\HP\\DevEcoStudioProjects\\MyApplication_homepage2\\entry\\src\\main\\resources\\base\\media\\startIcon.png","type":"file","isSymbolicLink":false,"fileMetaData":{"size":4351,"lastModifiedTime":1721177491221}},{"hashValue":"50f6ae2c58126bc06a19586de4c7e452","name":"wechat.png","path":"C:\\Users\\HP\\DevEcoStudioProjects\\MyApplication_homepage2\\entry\\src\\main\\resources\\base\\media\\wechat.png","type":"file","isSymbolicLink":false,"fileMetaData":{"size":84595,"lastModifiedTime":1721182136124}},{"hashValue":"f160a92a7b3547af960e8e52349ed82b","name":"weibo.png","path":"C:\\Users\\HP\\DevEcoStudioProjects\\MyApplication_homepage2\\entry\\src\\main\\resources\\base\\media\\weibo.png","type":"file","isSymbolicLink":false,"fileMetaData":{"size":314958,"lastModifiedTime":1721182407194}}]},{"hashValue":"f3855e3f715401740a353cf6f964e068","name":"profile","path":"C:\\Users\\HP\\DevEcoStudioProjects\\MyApplication_homepage2\\entry\\src\\main\\resources\\base\\profile","type":"directory","isSymbolicLink":false,"children":[{"hashValue":"2caed2f0ad4bae5c52cc1a825c34fbae","name":"main_pages.json","path":"C:\\Users\\HP\\DevEcoStudioProjects\\MyApplication_homepage2\\entry\\src\\main\\resources\\base\\profile\\main_pages.json","type":"file","isSymbolicLink":false,"fileMetaData":{"size":37,"lastModifiedTime":1721177491253}}]}]},{"hashValue":"864663054b74dc63d7d395d18875f7bc","name":"en_US","path":"C:\\Users\\HP\\DevEcoStudioProjects\\MyApplication_homepage2\\entry\\src\\main\\resources\\en_US","type":"directory","isSymbolicLink":false,"children":[{"hashValue":"142cd59c5cf3f37cee9a7fb4ad0c6e35","name":"element","path":"C:\\Users\\HP\\DevEcoStudioProjects\\MyApplication_homepage2\\entry\\src\\main\\resources\\en_US\\element","type":"directory","isSymbolicLink":false,"children":[{"hashValue":"0279ca94586266bce6c85ca317b8560f","name":"string.json","path":"C:\\Users\\HP\\DevEcoStudioProjects\\MyApplication_homepage2\\entry\\src\\main\\resources\\en_US\\element\\string.json","type":"file","isSymbolicLink":false,"fileMetaData":{"size":247,"lastModifiedTime":1721177495255}}]}]},{"hashValue":"","name":"rawfile","path":"C:\\Users\\HP\\DevEcoStudioProjects\\MyApplication_homepage2\\entry\\src\\main\\resources\\rawfile","type":"directory","isSymbolicLink":false,"children":[]},{"hashValue":"ec24508748d46a8706fa2bbbae390060","name":"zh_CN","path":"C:\\Users\\HP\\DevEcoStudioProjects\\MyApplication_homepage2\\entry\\src\\main\\resources\\zh_CN","type":"directory","isSymbolicLink":false,"children":[{"hashValue":"d8e48360d1d712c735a1712b3ffd2d46","name":"element","path":"C:\\Users\\HP\\DevEcoStudioProjects\\MyApplication_homepage2\\entry\\src\\main\\resources\\zh_CN\\element","type":"directory","isSymbolicLink":false,"children":[{"hashValue":"a9016b6380510d1135c9a2ef230e0742","name":"string.json","path":"C:\\Users\\HP\\DevEcoStudioProjects\\MyApplication_homepage2\\entry\\src\\main\\resources\\zh_CN\\element\\string.json","type":"file","isSymbolicLink":false,"fileMetaData":{"size":241,"lastModifiedTime":1721177495196}}]}]}]},"C:\\Users\\HP\\DevEcoStudioProjects\\MyApplication_homepage2\\AppScope\\resources":{"hashValue":"4e773fd7c165b96d5475170fadcc4394","name":"resources","path":"C:\\Users\\HP\\DevEcoStudioProjects\\MyApplication_homepage2\\AppScope\\resources","type":"directory","isSymbolicLink":false,"children":[{"hashValue":"fab2a5302447b5305a7dcfe1ee984366","name":"base","path":"C:\\Users\\HP\\DevEcoStudioProjects\\MyApplication_homepage2\\AppScope\\resources\\base","type":"directory","isSymbolicLink":false,"children":[{"hashValue":"1207647d97759523b65f0d12790df011","name":"element","path":"C:\\Users\\HP\\DevEcoStudioProjects\\MyApplication_homepage2\\AppScope\\resources\\base\\element","type":"directory","isSymbolicLink":false,"children":[{"hashValue":"a927fc31705ff5fccb17b289953af882","name":"string.json","path":"C:\\Users\\HP\\DevEcoStudioProjects\\MyApplication_homepage2\\AppScope\\resources\\base\\element\\string.json","type":"file","isSymbolicLink":false,"fileMetaData":{"size":108,"lastModifiedTime":1721177490737}}]},{"hashValue":"ed093d68281c3d588ffdbc44bafe3e1e","name":"media","path":"C:\\Users\\HP\\DevEcoStudioProjects\\MyApplication_homepage2\\AppScope\\resources\\base\\media","type":"directory","isSymbolicLink":false,"children":[{"hashValue":"b48d9d92968c0a0d54eda48957eafc8b","name":"app_icon.png","path":"C:\\Users\\HP\\DevEcoStudioProjects\\MyApplication_homepage2\\AppScope\\resources\\base\\media\\app_icon.png","type":"file","isSymbolicLink":false,"fileMetaData":{"size":2041,"lastModifiedTime":1721177490717}}]}]}]},"C:\\Users\\HP\\DevEcoStudioProjects\\MyApplication_homepage2\\entry\\.preview\\default\\intermediates\\res\\default":{"hashValue":"d1ec9ffaa7e0dc3e84772fcb68da6011","name":"default","path":"C:\\Users\\HP\\DevEcoStudioProjects\\MyApplication_homepage2\\entry\\.preview\\default\\intermediates\\res\\default","type":"directory","isSymbolicLink":false,"children":[{"hashValue":"05127ba261b7902dcb6a8e3de9c430e7","name":"app_compiled","path":"C:\\Users\\HP\\DevEcoStudioProjects\\MyApplication_homepage2\\entry\\.preview\\default\\intermediates\\res\\default\\app_compiled","type":"directory","isSymbolicLink":false,"children":[{"hashValue":"b5e6b7b432f139a275c604fd127ae675","name":"17501446537398771064","path":"C:\\Users\\HP\\DevEcoStudioProjects\\MyApplication_homepage2\\entry\\.preview\\default\\intermediates\\res\\default\\app_compiled\\17501446537398771064","type":"file","isSymbolicLink":false,"fileMetaData":{"size":238,"lastModifiedTime":1721187428854}},{"hashValue":"56b3dfb58f3228acbd305aa219d45fbe","name":"7866923646867423842","path":"C:\\Users\\HP\\DevEcoStudioProjects\\MyApplication_homepage2\\entry\\.preview\\default\\intermediates\\res\\default\\app_compiled\\7866923646867423842","type":"file","isSymbolicLink":false,"fileMetaData":{"size":158,"lastModifiedTime":1721187428852}}]},{"hashValue":"20f53519cb625b16f3e2738039cdf608","name":"module_compiled","path":"C:\\Users\\HP\\DevEcoStudioProjects\\MyApplication_homepage2\\entry\\.preview\\default\\intermediates\\res\\default\\module_compiled","type":"directory","isSymbolicLink":false,"children":[{"hashValue":"736e8f080c867622faa1e793d8b7d54d","name":"12187251533984638054","path":"C:\\Users\\HP\\DevEcoStudioProjects\\MyApplication_homepage2\\entry\\.preview\\default\\intermediates\\res\\default\\module_compiled\\12187251533984638054","type":"file","isSymbolicLink":false,"fileMetaData":{"size":232,"lastModifiedTime":1721187428925}},{"hashValue":"28784347e9b05bab85185f716d66cc37","name":"13427498550876831838","path":"C:\\Users\\HP\\DevEcoStudioProjects\\MyApplication_homepage2\\entry\\.preview\\default\\intermediates\\res\\default\\module_compiled\\13427498550876831838","type":"file","isSymbolicLink":false,"fileMetaData":{"size":163,"lastModifiedTime":1721187428919}},{"hashValue":"905d371589723a6cae5e180f7b5b5445","name":"13848266445059672135","path":"C:\\Users\\HP\\DevEcoStudioProjects\\MyApplication_homepage2\\entry\\.preview\\default\\intermediates\\res\\default\\module_compiled\\13848266445059672135","type":"file","isSymbolicLink":false,"fileMetaData":{"size":238,"lastModifiedTime":1721187428923}},{"hashValue":"b9aaf3b88584d6e85182bf64801abf64","name":"18030929404988895747","path":"C:\\Users\\HP\\DevEcoStudioProjects\\MyApplication_homepage2\\entry\\.preview\\default\\intermediates\\res\\default\\module_compiled\\18030929404988895747","type":"file","isSymbolicLink":false,"fileMetaData":{"size":536,"lastModifiedTime":1721187428928}},{"hashValue":"5fe8865a80ba5b15eab70839b5a4dd2f","name":"3493490783036929607","path":"C:\\Users\\HP\\DevEcoStudioProjects\\MyApplication_homepage2\\entry\\.preview\\default\\intermediates\\res\\default\\module_compiled\\3493490783036929607","type":"file","isSymbolicLink":false,"fileMetaData":{"size":482,"lastModifiedTime":1721187428920}},{"hashValue":"19ed5ccd1aae05dbced2aefac3dd1328","name":"4135817368394062440","path":"C:\\Users\\HP\\DevEcoStudioProjects\\MyApplication_homepage2\\entry\\.preview\\default\\intermediates\\res\\default\\module_compiled\\4135817368394062440","type":"file","isSymbolicLink":false,"fileMetaData":{"size":235,"lastModifiedTime":1721187428924}},{"hashValue":"5ad1c72ca0a2032e145cc0d570c0c34d","name":"4886799980828815969","path":"C:\\Users\\HP\\DevEcoStudioProjects\\MyApplication_homepage2\\entry\\.preview\\default\\intermediates\\res\\default\\module_compiled\\4886799980828815969","type":"file","isSymbolicLink":false,"fileMetaData":{"size":253,"lastModifiedTime":1721187428925}},{"hashValue":"e8888b373b94ddb1d2be780c989d54d2","name":"5969327855004423132","path":"C:\\Users\\HP\\DevEcoStudioProjects\\MyApplication_homepage2\\entry\\.preview\\default\\intermediates\\res\\default\\module_compiled\\5969327855004423132","type":"file","isSymbolicLink":false,"fileMetaData":{"size":244,"lastModifiedTime":1721187428926}},{"hashValue":"aeeed3cb6367fce104c1f3da55f5b13f","name":"6568802615538323601","path":"C:\\Users\\HP\\DevEcoStudioProjects\\MyApplication_homepage2\\entry\\.preview\\default\\intermediates\\res\\default\\module_compiled\\6568802615538323601","type":"file","isSymbolicLink":false,"fileMetaData":{"size":530,"lastModifiedTime":1721187428931}},{"hashValue":"c5175af9ca8649dd23b37ecbb49e65bd","name":"7076782173407914004","path":"C:\\Users\\HP\\DevEcoStudioProjects\\MyApplication_homepage2\\entry\\.preview\\default\\intermediates\\res\\default\\module_compiled\\7076782173407914004","type":"file","isSymbolicLink":false,"fileMetaData":{"size":241,"lastModifiedTime":1721187428924}},{"hashValue":"5cd2d8dc714966f8219b0062df1e8051","name":"7410636776084712808","path":"C:\\Users\\HP\\DevEcoStudioProjects\\MyApplication_homepage2\\entry\\.preview\\default\\intermediates\\res\\default\\module_compiled\\7410636776084712808","type":"file","isSymbolicLink":false,"fileMetaData":{"size":241,"lastModifiedTime":1721187428926}},{"hashValue":"0f6114e78dee1de58a937695fd220322","name":"9522914324601000339","path":"C:\\Users\\HP\\DevEcoStudioProjects\\MyApplication_homepage2\\entry\\.preview\\default\\intermediates\\res\\default\\module_compiled\\9522914324601000339","type":"file","isSymbolicLink":false,"fileMetaData":{"size":263,"lastModifiedTime":1721187428927}}]},{"hashValue":"2ae7f8cf51d32eced94f2891d9f13bcf","name":"module.json","path":"C:\\Users\\HP\\DevEcoStudioProjects\\MyApplication_homepage2\\entry\\.preview\\default\\intermediates\\res\\default\\module.json","type":"file","isSymbolicLink":false,"fileMetaData":{"size":2144,"lastModifiedTime":1721187429009}},{"hashValue":"b1c3b44d6f3efb7f03237ee34880784c","name":"resources","path":"C:\\Users\\HP\\DevEcoStudioProjects\\MyApplication_homepage2\\entry\\.preview\\default\\intermediates\\res\\default\\resources","type":"directory","isSymbolicLink":false,"children":[{"hashValue":"db4af4770759f99d6bf3b0b240938564","name":"base","path":"C:\\Users\\HP\\DevEcoStudioProjects\\MyApplication_homepage2\\entry\\.preview\\default\\intermediates\\res\\default\\resources\\base","type":"directory","isSymbolicLink":false,"children":[{"hashValue":"f1bdb5e3f76ad23d79d0053f9f4947f8","name":"profile","path":"C:\\Users\\HP\\DevEcoStudioProjects\\MyApplication_homepage2\\entry\\.preview\\default\\intermediates\\res\\default\\resources\\base\\profile","type":"directory","isSymbolicLink":false,"children":[{"hashValue":"89bf59fb45267ea8eefb7499737bb940","name":"main_pages.json","path":"C:\\Users\\HP\\DevEcoStudioProjects\\MyApplication_homepage2\\entry\\.preview\\default\\intermediates\\res\\default\\resources\\base\\profile\\main_pages.json","type":"file","isSymbolicLink":false,"fileMetaData":{"size":31,"lastModifiedTime":1721187429023}}]}]}]},{"hashValue":"2065a0d92f36601d2bf0e689b5273b1f","name":"resources.index","path":"C:\\Users\\HP\\DevEcoStudioProjects\\MyApplication_homepage2\\entry\\.preview\\default\\intermediates\\res\\default\\resources.index","type":"file","isSymbolicLink":false,"fileMetaData":{"size":2016,"lastModifiedTime":1721187429008}},{"hashValue":"e28126f420e151caa52b6744c4572b03","name":"ResourceTable.txt","path":"C:\\Users\\HP\\DevEcoStudioProjects\\MyApplication_homepage2\\entry\\.preview\\default\\intermediates\\res\\default\\ResourceTable.txt","type":"file","isSymbolicLink":false,"fileMetaData":{"size":386,"lastModifiedTime":1721187429010}}]},"C:\\Users\\HP\\DevEcoStudioProjects\\MyApplication_homepage2\\entry\\.preview\\default\\generated\\r\\default\\ResourceTable.h":{"hashValue":"03556fa8757b7427180a21547364433c","name":"ResourceTable.h","path":"C:\\Users\\HP\\DevEcoStudioProjects\\MyApplication_homepage2\\entry\\.preview\\default\\generated\\r\\default\\ResourceTable.h","type":"file","isSymbolicLink":false,"fileMetaData":{"size":1330,"lastModifiedTime":1721187429009}},"C:\\Users\\HP\\DevEcoStudioProjects\\MyApplication_homepage2\\entry\\.preview\\default\\generated\\r\\default":{"hashValue":"d380f310173cc5c4c2f38095e5b9d5fa","name":"default","path":"C:\\Users\\HP\\DevEcoStudioProjects\\MyApplication_homepage2\\entry\\.preview\\default\\generated\\r\\default","type":"directory","isSymbolicLink":false,"children":[{"hashValue":"03556fa8757b7427180a21547364433c","name":"ResourceTable.h","path":"C:\\Users\\HP\\DevEcoStudioProjects\\MyApplication_homepage2\\entry\\.preview\\default\\generated\\r\\default\\ResourceTable.h","type":"file","isSymbolicLink":false,"fileMetaData":{"size":1330,"lastModifiedTime":1721187429009}}]},"C:\\Users\\HP\\DevEcoStudioProjects\\MyApplication_homepage2\\entry\\.preview\\config\\buildConfig.json":{"hashValue":"c6d119400aade4be888f0a875bcbee2e","name":"buildConfig.json","path":"C:\\Users\\HP\\DevEcoStudioProjects\\MyApplication_homepage2\\entry\\.preview\\config\\buildConfig.json","type":"file","isSymbolicLink":false,"fileMetaData":{"size":2068,"lastModifiedTime":1721187470514}},"C:\\Users\\HP\\DevEcoStudioProjects\\MyApplication_homepage2\\entry\\.preview\\default\\intermediates\\res\\default\\module.json":{"hashValue":"2ae7f8cf51d32eced94f2891d9f13bcf","name":"module.json","path":"C:\\Users\\HP\\DevEcoStudioProjects\\MyApplication_homepage2\\entry\\.preview\\default\\intermediates\\res\\default\\module.json","type":"file","isSymbolicLink":false,"fileMetaData":{"size":2144,"lastModifiedTime":1721187429009}},"C:\\Users\\HP\\DevEcoStudioProjects\\MyApplication_homepage2\\entry\\.preview\\default\\intermediates\\res\\default\\resources\\base\\profile\\main_pages.json":{"hashValue":"565d6b2efbf0c9e64c19b208bad9ba15","name":"main_pages.json","path":"C:\\Users\\HP\\DevEcoStudioProjects\\MyApplication_homepage2\\entry\\.preview\\default\\intermediates\\res\\default\\resources\\base\\profile\\main_pages.json","type":"file","isSymbolicLink":false,"fileMetaData":{"size":31,"lastModifiedTime":1721187471059}},"C:\\Users\\HP\\DevEcoStudioProjects\\MyApplication_homepage2\\entry\\.preview\\default\\intermediates\\loader\\default":{"hashValue":"848191a75ef63f96f33e1bd209adb8e1","name":"default","path":"C:\\Users\\HP\\DevEcoStudioProjects\\MyApplication_homepage2\\entry\\.preview\\default\\intermediates\\loader\\default","type":"directory","isSymbolicLink":false,"children":[{"hashValue":"3aa9be5a5f21c8fbef77c69774a9e375","name":"loader.json","path":"C:\\Users\\HP\\DevEcoStudioProjects\\MyApplication_homepage2\\entry\\.preview\\default\\intermediates\\loader\\default\\loader.json","type":"file","isSymbolicLink":false,"fileMetaData":{"size":429,"lastModifiedTime":1721178646501}}]},"C:\\Users\\HP\\DevEcoStudioProjects\\MyApplication_homepage2\\entry\\.preview\\default\\intermediates\\res\\default\\ResourceTable.txt":{"hashValue":"e28126f420e151caa52b6744c4572b03","name":"ResourceTable.txt","path":"C:\\Users\\HP\\DevEcoStudioProjects\\MyApplication_homepage2\\entry\\.preview\\default\\intermediates\\res\\default\\ResourceTable.txt","type":"file","isSymbolicLink":false,"fileMetaData":{"size":386,"lastModifiedTime":1721187429010}},"C:\\Users\\HP\\DevEcoStudioProjects\\MyApplication_homepage2\\entry\\.preview\\default\\intermediates\\res\\default\\resources\\base\\profile":{"hashValue":"b9866ecdc54fe798b9803ffa425076f4","name":"profile","path":"C:\\Users\\HP\\DevEcoStudioProjects\\MyApplication_homepage2\\entry\\.preview\\default\\intermediates\\res\\default\\resources\\base\\profile","type":"directory","isSymbolicLink":false,"children":[{"hashValue":"565d6b2efbf0c9e64c19b208bad9ba15","name":"main_pages.json","path":"C:\\Users\\HP\\DevEcoStudioProjects\\MyApplication_homepage2\\entry\\.preview\\default\\intermediates\\res\\default\\resources\\base\\profile\\main_pages.json","type":"file","isSymbolicLink":false,"fileMetaData":{"size":31,"lastModifiedTime":1721187471059}}]},"C:\\Users\\HP\\DevEcoStudioProjects\\MyApplication_homepage2\\entry\\src\\main\\ets":{"hashValue":"0362133264474ac9bd563e1f864e6c0c","name":"ets","path":"C:\\Users\\HP\\DevEcoStudioProjects\\MyApplication_homepage2\\entry\\src\\main\\ets","type":"directory","isSymbolicLink":false,"children":[{"hashValue":"b91af3cad1955e1482b26f5842f3ba8c","name":"entryability","path":"C:\\Users\\HP\\DevEcoStudioProjects\\MyApplication_homepage2\\entry\\src\\main\\ets\\entryability","type":"directory","isSymbolicLink":false,"children":[{"hashValue":"9ec7c631a2d0a1248efbd937e8362b8a","name":"EntryAbility.ts","path":"C:\\Users\\HP\\DevEcoStudioProjects\\MyApplication_homepage2\\entry\\src\\main\\ets\\entryability\\EntryAbility.ts","type":"file","isSymbolicLink":false,"fileMetaData":{"size":1598,"lastModifiedTime":1721177495213}}]},{"hashValue":"ab1484fb3912192e07b45d7ca73712da","name":"pages","path":"C:\\Users\\HP\\DevEcoStudioProjects\\MyApplication_homepage2\\entry\\src\\main\\ets\\pages","type":"directory","isSymbolicLink":false,"children":[{"hashValue":"b944f6a507dcc5d93c1a5dd0894a6fa7","name":"EntryAbility.ets","path":"C:\\Users\\HP\\DevEcoStudioProjects\\MyApplication_homepage2\\entry\\src\\main\\ets\\pages\\EntryAbility.ets","type":"file","isSymbolicLink":false,"fileMetaData":{"size":2145,"lastModifiedTime":1721187470374}},{"hashValue":"1d25985fae529f18d7da1a3a7521294c","name":"Index.ets","path":"C:\\Users\\HP\\DevEcoStudioProjects\\MyApplication_homepage2\\entry\\src\\main\\ets\\pages\\Index.ets","type":"file","isSymbolicLink":false,"fileMetaData":{"size":267,"lastModifiedTime":1721177491278}},{"hashValue":"30e484e8fa79823e8262dc10af290818","name":"networkAPI.ets","path":"C:\\Users\\HP\\DevEcoStudioProjects\\MyApplication_homepage2\\entry\\src\\main\\ets\\pages\\networkAPI.ets","type":"file","isSymbolicLink":false,"fileMetaData":{"size":166,"lastModifiedTime":1721178183538}}]}]},"C:\\Users\\HP\\DevEcoStudioProjects\\MyApplication_homepage2\\entry\\.preview\\default\\intermediates\\loader_out\\default\\ets":{"hashValue":"","name":"emptyroot","path":"","type":"unknown","isSymbolicLink":false,"children":[]}}