{":MyApplication_homepage2:entry:default@PreBuild":{"_inputs":[{"dataType":"ValueEntry","value":"{\"_name\":\"BUILTIN_TASK_COMMAND\",\"_value\":\"\",\"_valueType\":\"string\",\"_hash\":\"0b5d05294fdf4e78e8482ef53eb64ac0\"}"},{"dataType":"ValueEntry","value":"{\"_name\":\"BUILTIN_TASK_ENV\",\"_value\":\"\",\"_valueType\":\"string\",\"_hash\":\"cdcdc2ec8062ca9ec1de46dbf2bbc053\"}"},{"dataType":"ValueEntry","value":"{\"_name\":\"BUILTIN_TASK_TOOLCHAIN\",\"_value\":\"\",\"_valueType\":\"string\",\"_hash\":\"e7f94a9422a8bc317a7d90b58efcb5f6\"}"},{"dataType":"ValueEntry","value":"{\"_name\":\"apiType\",\"_value\":\"stageMode\",\"_valueType\":\"string\",\"_hash\":\"699c7565645ea3ea8c88551a4926a3d5\"}"},{"dataType":"ValueEntry","value":"{\"_name\":\"codeType\",\"_value\":true,\"_valueType\":\"boolean\",\"_hash\":\"d6dcf21a9f078b661283507536e57ce8\"}"},{"dataType":"ValueEntry","value":"{\"_name\":\"compatibleApiVersion\",\"_value\":9,\"_valueType\":\"number\",\"_hash\":\"8f14da7cda665d5f6676adf8a127634f\"}"},{"dataType":"ValueEntry","value":"{\"_name\":\"compileApiVersion\",\"_value\":9,\"_valueType\":\"number\",\"_hash\":\"cdd5413832c7470f85f225c67a87a683\"}"},{"dataType":"ValueEntry","value":"{\"_name\":\"customTypes\",\"_value\":\"\",\"_valueType\":\"string\",\"_hash\":\"970a2695bffac1c5a4fa283dc36050e3\"}"},{"dataType":"ValueEntry","value":"{\"_name\":\"deviceType\",\"_value\":[\"phone\",\"tablet\"],\"_valueType\":\"object\",\"_hash\":\"6b8c09abb74b3d778d7ce1bc1efb26ef\"}"},{"dataType":"ValueEntry","value":"{\"_name\":\"isSupportOhpmProj\",\"_value\":true,\"_valueType\":\"boolean\",\"_hash\":\"f3a249d7e3f751316e931b8a08b074b4\"}"},{"dataType":"ValueEntry","value":"{\"_name\":\"profileModuleName\",\"_value\":\"entry\",\"_valueType\":\"string\",\"_hash\":\"b174ea6ff5824844dde5ad92f6b3ef2b\"}"},{"dataType":"ValueEntry","value":"{\"_name\":\"sdkToolchainsComponentVersion\",\"_value\":\"3.2.3.6\",\"_valueType\":\"string\",\"_hash\":\"83f7d8c8367eae284c2544b1588e5068\"}"},{"dataType":"ValueEntry","value":"{\"_name\":\"targetStatusCode\",\"_value\":2,\"_valueType\":\"number\",\"_hash\":\"5a9255c0f4ee50904a9349ebafca8369\"}"}],"_successful":true,"_projectName":"MyApplication_homepage2","_moduleName":"entry","_taskName":"default@PreBuild","_key":":MyApplication_homepage2:entry:default@PreBuild","_executionId":":MyApplication_homepage2:entry:default@PreBuild:1721178646392","_inputFiles":{"dataType":"Map","value":[["C:\\Users\\HP\\DevEcoStudioProjects\\MyApplication_homepage2\\AppScope\\app.json5",{"isDirectory":false,"fileSnapShotHashValue":"43edc343012f48c7bdd4258c744919f1"}],["C:\\Users\\HP\\DevEcoStudioProjects\\MyApplication_homepage2\\entry\\src\\main\\module.json5",{"isDirectory":false,"fileSnapShotHashValue":"ba9318342a2cab90309e88065e5dd105"}],["C:\\Users\\HP\\DevEcoStudioProjects\\MyApplication_homepage2\\entry\\src\\main\\resources\\base\\profile\\main_pages.json",{"fileSnapShotHashValue":"2caed2f0ad4bae5c52cc1a825c34fbae"}],["C:\\Users\\HP\\DevEcoStudioProjects\\MyApplication_homepage2\\entry\\oh-package.json5",{"fileSnapShotHashValue":"426b7b3478d6d953fa8acae430308511"}]]},"_outputFiles":{"dataType":"Map","value":[]}},":MyApplication_homepage2:entry:default@MergeProfile":{"_inputs":[{"dataType":"ValueEntry","value":"{\"_name\":\"BUILTIN_TASK_COMMAND\",\"_value\":\"\",\"_valueType\":\"string\",\"_hash\":\"0b5d05294fdf4e78e8482ef53eb64ac0\"}"},{"dataType":"ValueEntry","value":"{\"_name\":\"BUILTIN_TASK_ENV\",\"_value\":\"\",\"_valueType\":\"string\",\"_hash\":\"cdcdc2ec8062ca9ec1de46dbf2bbc053\"}"},{"dataType":"ValueEntry","value":"{\"_name\":\"BUILTIN_TASK_TOOLCHAIN\",\"_value\":\"\",\"_valueType\":\"string\",\"_hash\":\"e7f94a9422a8bc317a7d90b58efcb5f6\"}"},{"dataType":"ValueEntry","value":"{\"_name\":\"asanEnable\",\"_value\":false,\"_valueType\":\"boolean\",\"_hash\":\"bc2129ba20a21b7e5234139ede1b4d7b\"}"},{"dataType":"ValueEntry","value":"{\"_name\":\"buildRoot\",\"_value\":\".preview\",\"_valueType\":\"string\",\"_hash\":\"88e9a315669657b02bc470a13f92befe\"}"},{"dataType":"ValueEntry","value":"{\"_name\":\"compatibleSdkVersion\",\"_value\":9,\"_valueType\":\"number\",\"_hash\":\"789a8631987a2e2b1a03b001c78d0180\"}"},{"dataType":"ValueEntry","value":"{\"_name\":\"isDebug\",\"_value\":true,\"_valueType\":\"boolean\",\"_hash\":\"edbf05a2d2be2c385e75d9565a48d419\"}"},{"dataType":"ValueEntry","value":"{\"_name\":\"isHarModule\",\"_value\":false,\"_valueType\":\"boolean\",\"_hash\":\"a15b7a3ed818faa99a4a10d67f52cb72\"}"},{"dataType":"ValueEntry","value":"{\"_name\":\"multiProjects\",\"_value\":false,\"_valueType\":\"boolean\",\"_hash\":\"555604752defc243b4e4c55d1549fc06\"}"},{"dataType":"ValueEntry","value":"{\"_name\":\"releaseType\",\"_value\":\"Release\",\"_valueType\":\"string\",\"_hash\":\"bbcabdda034e97584f8c36f85b3ec517\"}"},{"dataType":"ValueEntry","value":"{\"_name\":\"targetSdkVersion\",\"_value\":9,\"_valueType\":\"number\",\"_hash\":\"09b2bdc967d8b97f7b9bf4f19735497e\"}"}],"_successful":true,"_projectName":"MyApplication_homepage2","_moduleName":"entry","_taskName":"default@MergeProfile","_key":":MyApplication_homepage2:entry:default@MergeProfile","_executionId":":MyApplication_homepage2:entry:default@MergeProfile:1721178646491","_inputFiles":{"dataType":"Map","value":[["C:\\Users\\HP\\DevEcoStudioProjects\\MyApplication_homepage2\\AppScope\\app.json5",{"fileSnapShotHashValue":"43edc343012f48c7bdd4258c744919f1"}],["C:\\Users\\HP\\DevEcoStudioProjects\\MyApplication_homepage2\\entry\\src\\main\\module.json5",{"fileSnapShotHashValue":"ba9318342a2cab90309e88065e5dd105"}]]},"_outputFiles":{"dataType":"Map","value":[["C:\\Users\\HP\\DevEcoStudioProjects\\MyApplication_homepage2\\entry\\.preview\\default\\intermediates\\merge_profile\\default\\module.json",{"fileSnapShotHashValue":"7a4d54d6269a3a34fd1fc269634ac7c2"}]]}},":MyApplication_homepage2:entry:default@GenerateLoaderJson":{"_inputs":[{"dataType":"ValueEntry","value":"{\"_name\":\"BUILTIN_TASK_COMMAND\",\"_value\":\"\",\"_valueType\":\"string\",\"_hash\":\"0b5d05294fdf4e78e8482ef53eb64ac0\"}"},{"dataType":"ValueEntry","value":"{\"_name\":\"BUILTIN_TASK_ENV\",\"_value\":\"\",\"_valueType\":\"string\",\"_hash\":\"cdcdc2ec8062ca9ec1de46dbf2bbc053\"}"},{"dataType":"ValueEntry","value":"{\"_name\":\"BUILTIN_TASK_TOOLCHAIN\",\"_value\":\"\",\"_valueType\":\"string\",\"_hash\":\"e7f94a9422a8bc317a7d90b58efcb5f6\"}"},{"dataType":"ValueEntry","value":"{\"_name\":\"anBuildMode\",\"_value\":\"\",\"_valueType\":\"string\",\"_hash\":\"29adec6ce7dc237883d9afa1bf4d305c\"}"},{"dataType":"ValueEntry","value":"{\"_name\":\"apPath\",\"_value\":\"\",\"_valueType\":\"string\",\"_hash\":\"dabe59b8be9f1396c43dc319521a0027\"}"},{"dataType":"ValueEntry","value":"{\"_name\":\"compileMode\",\"_value\":\"esmodule\",\"_valueType\":\"string\",\"_hash\":\"dacafc8e0b77a950178a0b4d142dc32c\"}"},{"dataType":"ValueEntry","value":"{\"_name\":\"fallbackAnBuild\",\"_value\":false,\"_valueType\":\"boolean\",\"_hash\":\"a63e98bb3f368ced6ed4d5579ea7ca39\"}"},{"dataType":"ValueEntry","value":"{\"_name\":\"harNameOhmMap\",\"_value\":\"{}\",\"_valueType\":\"string\",\"_hash\":\"0faf006bccbcdc2c7f04ff2d8c87894f\"}"},{"dataType":"ValueEntry","value":"{\"_name\":\"modulePathMap\",\"_value\":\"{\\\"entry\\\":\\\"C:\\\\\\\\Users\\\\\\\\HP\\\\\\\\DevEcoStudioProjects\\\\\\\\MyApplication_homepage2\\\\\\\\entry\\\"}\",\"_valueType\":\"string\",\"_hash\":\"c69136987dd4eaf9403c51252d8435fd\"}"},{"dataType":"ValueEntry","value":"{\"_name\":\"nodeModulesPath\",\"_value\":\"C:\\\\Users\\\\HP\\\\DevEcoStudioProjects\\\\MyApplication_homepage2\\\\entry\\\\.preview\\\\default\\\\intermediates\\\\loader_out\\\\default\\\\node_modules\",\"_valueType\":\"string\",\"_hash\":\"2b2d49e9b402f419797edbeb50ce96ed\"}"},{"dataType":"ValueEntry","value":"{\"_name\":\"projectRootPath\",\"_value\":\"C:\\\\Users\\\\HP\\\\DevEcoStudioProjects\\\\MyApplication_homepage2\",\"_valueType\":\"string\",\"_hash\":\"651aa9c2529ed9a270920d868cd19cbc\"}"},{"dataType":"ValueEntry","value":"{\"_name\":\"targetConfig\",\"_value\":\"{\\\"name\\\":\\\"default\\\",\\\"runtimeOS\\\":\\\"HarmonyOS\\\"}\",\"_valueType\":\"string\",\"_hash\":\"96bcd83382fb082c731eedf7bc0cf1dc\"}"}],"_successful":true,"_projectName":"MyApplication_homepage2","_moduleName":"entry","_taskName":"default@GenerateLoaderJson","_key":":MyApplication_homepage2:entry:default@GenerateLoaderJson","_executionId":":MyApplication_homepage2:entry:default@GenerateLoaderJson:1721178646496","_inputFiles":{"dataType":"Map","value":[]},"_outputFiles":{"dataType":"Map","value":[["C:\\Users\\HP\\DevEcoStudioProjects\\MyApplication_homepage2\\entry\\.preview\\default\\intermediates\\loader\\default\\loader.json",{"isDirectory":false,"fileSnapShotHashValue":"3aa9be5a5f21c8fbef77c69774a9e375"}]]}},":MyApplication_homepage2:entry:default@ProcessProfile":{"_inputs":[{"dataType":"ValueEntry","value":"{\"_name\":\"BUILTIN_TASK_COMMAND\",\"_value\":\"\",\"_valueType\":\"string\",\"_hash\":\"0b5d05294fdf4e78e8482ef53eb64ac0\"}"},{"dataType":"ValueEntry","value":"{\"_name\":\"BUILTIN_TASK_ENV\",\"_value\":\"\",\"_valueType\":\"string\",\"_hash\":\"cdcdc2ec8062ca9ec1de46dbf2bbc053\"}"},{"dataType":"ValueEntry","value":"{\"_name\":\"BUILTIN_TASK_TOOLCHAIN\",\"_value\":\"\",\"_valueType\":\"string\",\"_hash\":\"e7f94a9422a8bc317a7d90b58efcb5f6\"}"},{"dataType":"ValueEntry","value":"{\"_name\":\"arkEnable\",\"_value\":true,\"_valueType\":\"boolean\",\"_hash\":\"750b4bda198545a67903dfb3f6a00a95\"}"},{"dataType":"ValueEntry","value":"{\"_name\":\"compileMode\",\"_value\":\"esmodule\",\"_valueType\":\"string\",\"_hash\":\"dacafc8e0b77a950178a0b4d142dc32c\"}"},{"dataType":"ValueEntry","value":"{\"_name\":\"dependency\",\"_value\":\"[]\",\"_valueType\":\"string\",\"_hash\":\"ac54f3d4ced2d4c1d666d40e4f7c454a\"}"},{"dataType":"ValueEntry","value":"{\"_name\":\"deviceTypes\",\"_value\":[\"phone\",\"tablet\"],\"_valueType\":\"object\",\"_hash\":\"c166d88837153e59136adb6a4b649962\"}"}],"_successful":true,"_projectName":"MyApplication_homepage2","_moduleName":"entry","_taskName":"default@ProcessProfile","_key":":MyApplication_homepage2:entry:default@ProcessProfile","_executionId":":MyApplication_homepage2:entry:default@ProcessProfile:1721178646501","_inputFiles":{"dataType":"Map","value":[["C:\\Users\\HP\\DevEcoStudioProjects\\MyApplication_homepage2\\entry\\.preview\\default\\intermediates\\merge_profile\\default\\module.json",{"fileSnapShotHashValue":"7a4d54d6269a3a34fd1fc269634ac7c2"}]]},"_outputFiles":{"dataType":"Map","value":[["C:\\Users\\HP\\DevEcoStudioProjects\\MyApplication_homepage2\\entry\\.preview\\default\\intermediates\\process_profile\\default\\module.json",{"fileSnapShotHashValue":"991056fe30061911e49ce5791a86c77a"}]]}},":MyApplication_homepage2:entry:default@PreviewProcessResource":{"_inputs":[{"dataType":"ValueEntry","value":"{\"_name\":\"previewCompileResourcesCommand\",\"_value\":\"{\\\"commandList\\\":[\\\"D:\\\\\\\\huawei\\\\\\\\devecostudio-windows-4.0.0.600\\\\\\\\openharmony\\\\\\\\9\\\\\\\\toolchains\\\\\\\\restool.exe\\\",\\\"-m\\\",\\\"entry\\\",\\\"-f\\\",\\\"-j\\\",\\\"C:\\\\\\\\Users\\\\\\\\HP\\\\\\\\DevEcoStudioProjects\\\\\\\\MyApplication_homepage2\\\\\\\\entry\\\\\\\\.preview\\\\\\\\default\\\\\\\\intermediates\\\\\\\\process_profile\\\\\\\\default\\\\\\\\module.json\\\",\\\"-p\\\",\\\"com.example.myapplication_homepage\\\",\\\"-o\\\",\\\"C:\\\\\\\\Users\\\\\\\\HP\\\\\\\\DevEcoStudioProjects\\\\\\\\MyApplication_homepage2\\\\\\\\entry\\\\\\\\.preview\\\\\\\\default\\\\\\\\intermediates\\\\\\\\res\\\\\\\\default\\\",\\\"-r\\\",\\\"C:\\\\\\\\Users\\\\\\\\HP\\\\\\\\DevEcoStudioProjects\\\\\\\\MyApplication_homepage2\\\\\\\\entry\\\\\\\\.preview\\\\\\\\default\\\\\\\\generated\\\\\\\\r\\\\\\\\default\\\\\\\\ResourceTable.h\\\"],\\\"inputFiles\\\":{\\\"_group\\\":{}},\\\"outputFiles\\\":{\\\"_group\\\":{}},\\\"existsResourceDir\\\":true,\\\"restoolLinkParamObj\\\":{\\\"appScopeResources\\\":\\\"C:\\\\\\\\Users\\\\\\\\HP\\\\\\\\DevEcoStudioProjects\\\\\\\\MyApplication_homepage2\\\\\\\\AppScope\\\\\\\\resources\\\",\\\"moduleResourcesMap\\\":{},\\\"harResourcesMap\\\":{},\\\"outputPath\\\":\\\"C:\\\\\\\\Users\\\\\\\\HP\\\\\\\\DevEcoStudioProjects\\\\\\\\MyApplication_homepage2\\\\\\\\entry\\\\\\\\.preview\\\\\\\\default\\\\\\\\intermediates\\\\\\\\res\\\\\\\\default\\\",\\\"linkCommand\\\":[\\\"D:\\\\\\\\huawei\\\\\\\\devecostudio-windows-4.0.0.600\\\\\\\\openharmony\\\\\\\\9\\\\\\\\toolchains\\\\\\\\restool.exe\\\",\\\"-m\\\",\\\"entry\\\",\\\"-f\\\",\\\"-j\\\",\\\"C:\\\\\\\\Users\\\\\\\\HP\\\\\\\\DevEcoStudioProjects\\\\\\\\MyApplication_homepage2\\\\\\\\entry\\\\\\\\.preview\\\\\\\\default\\\\\\\\intermediates\\\\\\\\process_profile\\\\\\\\default\\\\\\\\module.json\\\",\\\"-p\\\",\\\"com.example.myapplication_homepage\\\",\\\"-r\\\",\\\"C:\\\\\\\\Users\\\\\\\\HP\\\\\\\\DevEcoStudioProjects\\\\\\\\MyApplication_homepage2\\\\\\\\entry\\\\\\\\.preview\\\\\\\\default\\\\\\\\generated\\\\\\\\r\\\\\\\\default\\\\\\\\ResourceTable.h\\\",\\\"-z\\\"]}}\",\"_valueType\":\"string\"}"},{"dataType":"ValueEntry","value":"{\"_name\":\"BUILTIN_TASK_COMMAND\",\"_value\":\"\",\"_valueType\":\"string\"}"},{"dataType":"ValueEntry","value":"{\"_name\":\"BUILTIN_TASK_TOOLCHAIN\",\"_value\":\"\",\"_valueType\":\"string\"}"},{"dataType":"ValueEntry","value":"{\"_name\":\"BUILTIN_TASK_ENV\",\"_value\":\"\",\"_valueType\":\"string\"}"}],"_successful":true,"_projectName":"MyApplication_homepage2","_moduleName":"entry","_taskName":"default@PreviewProcessResource","_key":":MyApplication_homepage2:entry:default@PreviewProcessResource","_executionId":":MyApplication_homepage2:entry:default@PreviewProcessResource:1721187471042","_inputFiles":{"dataType":"Map","value":[]},"_outputFiles":{"dataType":"Map","value":[["{\"commandList\":[\"D:\\\\huawei\\\\devecostudio-windows-4.0.0.600\\\\openharmony\\\\9\\\\toolchains\\\\restool.exe\",\"-m\",\"entry\",\"-f\",\"-j\",\"C:\\\\Users\\\\HP\\\\DevEcoStudioProjects\\\\MyApplication_homepage2\\\\entry\\\\.preview\\\\default\\\\intermediates\\\\process_profile\\\\default\\\\module.json\",\"-p\",\"com.example.myapplication_homepage\",\"-o\",\"C:\\\\Users\\\\HP\\\\DevEcoStudioProjects\\\\MyApplication_homepage2\\\\entry\\\\.preview\\\\default\\\\intermediates\\\\res\\\\default\",\"-r\",\"C:\\\\Users\\\\HP\\\\DevEcoStudioProjects\\\\MyApplication_homepage2\\\\entry\\\\.preview\\\\default\\\\generated\\\\r\\\\default\\\\ResourceTable.h\"],\"inputFiles\":{\"_group\":{}},\"outputFiles\":{\"_group\":{}},\"existsResourceDir\":true,\"restoolLinkParamObj\":{\"appScopeResources\":\"C:\\\\Users\\\\HP\\\\DevEcoStudioProjects\\\\MyApplication_homepage2\\\\AppScope\\\\resources\",\"moduleResourcesMap\":{},\"harResourcesMap\":{},\"outputPath\":\"C:\\\\Users\\\\HP\\\\DevEcoStudioProjects\\\\MyApplication_homepage2\\\\entry\\\\.preview\\\\default\\\\intermediates\\\\res\\\\default\",\"linkCommand\":[\"D:\\\\huawei\\\\devecostudio-windows-4.0.0.600\\\\openharmony\\\\9\\\\toolchains\\\\restool.exe\",\"-m\",\"entry\",\"-f\",\"-j\",\"C:\\\\Users\\\\HP\\\\DevEcoStudioProjects\\\\MyApplication_homepage2\\\\entry\\\\.preview\\\\default\\\\intermediates\\\\process_profile\\\\default\\\\module.json\",\"-p\",\"com.example.myapplication_homepage\",\"-r\",\"C:\\\\Users\\\\HP\\\\DevEcoStudioProjects\\\\MyApplication_homepage2\\\\entry\\\\.preview\\\\default\\\\generated\\\\r\\\\default\\\\ResourceTable.h\",\"-z\"]}}",{"isDirectory":false,"fileSnapShotHashValue":""}]]}},":MyApplication_homepage2:entry:default@PreviewCompileResource":{"_inputs":[{"dataType":"ValueEntry","value":"{\"_name\":\"BUILTIN_TASK_COMMAND\",\"_value\":\"\",\"_valueType\":\"string\",\"_hash\":\"0b5d05294fdf4e78e8482ef53eb64ac0\"}"},{"dataType":"ValueEntry","value":"{\"_name\":\"BUILTIN_TASK_ENV\",\"_value\":\"\",\"_valueType\":\"string\",\"_hash\":\"cdcdc2ec8062ca9ec1de46dbf2bbc053\"}"},{"dataType":"ValueEntry","value":"{\"_name\":\"BUILTIN_TASK_TOOLCHAIN\",\"_value\":\"D:\\\\huawei\\\\devecostudio-windows-4.0.0.600\\\\openharmony\\\\9\\\\toolchains\\\\restool.exe\",\"_valueType\":\"string\",\"_hash\":\"9bc720ebd128ab66f347add23ef3df57\"}"},{"dataType":"ValueEntry","value":"{\"_name\":\"PREVIEWER_REPLACE_PAGE\",\"_value\":\"\\\"pages/EntryAbility\\\"\",\"_valueType\":\"string\",\"_hash\":\"93fe4b631c93023794267b96098dd914\"}"},{"dataType":"ValueEntry","value":"{\"_name\":\"PREVIEWER_REPLACE_SRCPATH\",\"_valueType\":\"undefined\",\"_hash\":\"87c8734cdd76ef404568e7fd0eb4edd7\"}"},{"dataType":"ValueEntry","value":"{\"_name\":\"TARGET_CONFIG\",\"_value\":\"{\\\"name\\\":\\\"default\\\",\\\"runtimeOS\\\":\\\"HarmonyOS\\\"}\",\"_valueType\":\"string\",\"_hash\":\"d1734598343a94c88ec5404fdcdfa944\"}"}],"_successful":true,"_projectName":"MyApplication_homepage2","_moduleName":"entry","_taskName":"default@PreviewCompileResource","_key":":MyApplication_homepage2:entry:default@PreviewCompileResource","_executionId":":MyApplication_homepage2:entry:default@PreviewCompileResource:1721187428218","_inputFiles":{"dataType":"Map","value":[["C:\\Users\\HP\\DevEcoStudioProjects\\MyApplication_homepage2\\entry\\src\\main\\resources",{"fileSnapShotHashValue":"835ef5e0c64eb9c1330b4d6dc061c269"}],["C:\\Users\\HP\\DevEcoStudioProjects\\MyApplication_homepage2\\AppScope\\resources",{"fileSnapShotHashValue":"4e773fd7c165b96d5475170fadcc4394"}],["C:\\Users\\HP\\DevEcoStudioProjects\\MyApplication_homepage2\\entry\\.preview\\default\\intermediates\\process_profile\\default\\module.json",{"isDirectory":false,"fileSnapShotHashValue":"991056fe30061911e49ce5791a86c77a"}]]},"_outputFiles":{"dataType":"Map","value":[["C:\\Users\\HP\\DevEcoStudioProjects\\MyApplication_homepage2\\entry\\.preview\\default\\intermediates\\res\\default",{"isDirectory":true,"fileSnapShotHashValue":"d1ec9ffaa7e0dc3e84772fcb68da6011"}],["C:\\Users\\HP\\DevEcoStudioProjects\\MyApplication_homepage2\\entry\\.preview\\default\\generated\\r\\default\\ResourceTable.h",{"isDirectory":false,"fileSnapShotHashValue":"03556fa8757b7427180a21547364433c"}],["C:\\Users\\HP\\DevEcoStudioProjects\\MyApplication_homepage2\\entry\\.preview\\default\\generated\\r\\default",{"isDirectory":true,"fileSnapShotHashValue":"d380f310173cc5c4c2f38095e5b9d5fa"}]]}},":MyApplication_homepage2:entry:default@PreviewUpdateAssets":{"_inputs":[{"dataType":"ValueEntry","value":"{\"_name\":\"BUILTIN_TASK_COMMAND\",\"_value\":\"\",\"_valueType\":\"string\"}"},{"dataType":"ValueEntry","value":"{\"_name\":\"BUILTIN_TASK_TOOLCHAIN\",\"_value\":\"\",\"_valueType\":\"string\"}"},{"dataType":"ValueEntry","value":"{\"_name\":\"BUILTIN_TASK_ENV\",\"_value\":\"\",\"_valueType\":\"string\"}"}],"_successful":true,"_projectName":"MyApplication_homepage2","_moduleName":"entry","_taskName":"default@PreviewUpdateAssets","_key":":MyApplication_homepage2:entry:default@PreviewUpdateAssets","_executionId":":MyApplication_homepage2:entry:default@PreviewUpdateAssets:1721187471057","_inputFiles":{"dataType":"Map","value":[["C:\\Users\\HP\\DevEcoStudioProjects\\MyApplication_homepage2\\entry\\.preview\\config\\buildConfig.json",{"isDirectory":false,"fileSnapShotHashValue":"c6d119400aade4be888f0a875bcbee2e"}]]},"_outputFiles":{"dataType":"Map","value":[["C:\\Users\\HP\\DevEcoStudioProjects\\MyApplication_homepage2\\entry\\.preview\\default\\intermediates\\res\\default\\module.json",{"isDirectory":false,"fileSnapShotHashValue":"2ae7f8cf51d32eced94f2891d9f13bcf"}],["C:\\Users\\HP\\DevEcoStudioProjects\\MyApplication_homepage2\\entry\\.preview\\default\\intermediates\\res\\default\\resources\\base\\profile\\main_pages.json",{"isDirectory":false,"fileSnapShotHashValue":"565d6b2efbf0c9e64c19b208bad9ba15"}]]}},":MyApplication_homepage2:entry:default@PreviewArkTS":{"_inputs":[{"dataType":"ValueEntry","value":"{\"_name\":\"debuggable\",\"_value\":true,\"_valueType\":\"boolean\"}"},{"dataType":"ValueEntry","value":"{\"_name\":\"isArk\",\"_value\":true,\"_valueType\":\"boolean\"}"},{"dataType":"ValueEntry","value":"{\"_name\":\"needCoverageInsert\",\"_value\":false,\"_valueType\":\"boolean\"}"},{"dataType":"ValueEntry","value":"{\"_name\":\"customTypes\",\"_value\":\"\",\"_valueType\":\"string\"}"},{"dataType":"ValueEntry","value":"{\"_name\":\"arkTsWdiget\",\"_value\":false,\"_valueType\":\"boolean\"}"},{"dataType":"ValueEntry","value":"{\"_name\":\"OBFUSCATION_ENABLE\",\"_value\":\"undefined\",\"_valueType\":\"string\"}"},{"dataType":"ValueEntry","value":"{\"_name\":\"BUILTIN_TASK_COMMAND\",\"_value\":\"\",\"_valueType\":\"string\"}"},{"dataType":"ValueEntry","value":"{\"_name\":\"BUILTIN_TASK_TOOLCHAIN\",\"_value\":\"\",\"_valueType\":\"string\"}"},{"dataType":"ValueEntry","value":"{\"_name\":\"BUILTIN_TASK_ENV\",\"_value\":\"\",\"_valueType\":\"string\"}"}],"_successful":true,"_projectName":"MyApplication_homepage2","_moduleName":"entry","_taskName":"default@PreviewArkTS","_key":":MyApplication_homepage2:entry:default@PreviewArkTS","_executionId":":MyApplication_homepage2:entry:default@PreviewArkTS:1721187471061","_inputFiles":{"dataType":"Map","value":[["C:\\Users\\HP\\DevEcoStudioProjects\\MyApplication_homepage2\\entry\\.preview\\default\\intermediates\\loader\\default",{"isDirectory":true,"fileSnapShotHashValue":"848191a75ef63f96f33e1bd209adb8e1"}],["C:\\Users\\HP\\DevEcoStudioProjects\\MyApplication_homepage2\\entry\\.preview\\default\\intermediates\\res\\default\\ResourceTable.txt",{"fileSnapShotHashValue":"e28126f420e151caa52b6744c4572b03"}],["C:\\Users\\HP\\DevEcoStudioProjects\\MyApplication_homepage2\\entry\\.preview\\default\\intermediates\\res\\default\\module.json",{"fileSnapShotHashValue":"2ae7f8cf51d32eced94f2891d9f13bcf"}],["C:\\Users\\HP\\DevEcoStudioProjects\\MyApplication_homepage2\\entry\\.preview\\default\\intermediates\\res\\default\\resources\\base\\profile",{"isDirectory":true,"fileSnapShotHashValue":"b9866ecdc54fe798b9803ffa425076f4"}],["C:\\Users\\HP\\DevEcoStudioProjects\\MyApplication_homepage2\\entry\\src\\main\\ets",{"isDirectory":true,"fileSnapShotHashValue":"0362133264474ac9bd563e1f864e6c0c"}]]},"_outputFiles":{"dataType":"Map","value":[["C:\\Users\\HP\\DevEcoStudioProjects\\MyApplication_homepage2\\entry\\.preview\\default\\intermediates\\loader_out\\default\\ets",{"isDirectory":true,"fileSnapShotHashValue":""}]]}}}