{"deviceType":"default","checkEntry":"true","localPropertiesPath":"C:\\Users\\HP\\Desktop\\Log_in_page\\local.properties","Path":"C:\\Users\\HP\\node\\node-16.20.1\\","note":"false","aceProfilePath":"C:\\Users\\HP\\Desktop\\Log_in_page\\entry\\.preview\\default\\intermediates\\res\\default\\resources\\base\\profile","isPreview":"true","hapMode":"false","buildMode":"debug","img2bin":"true","projectProfilePath":"C:\\Users\\HP\\Desktop\\Log_in_page\\build-profile.json5","watchMode":"true","appResource":"C:\\Users\\HP\\Desktop\\Log_in_page\\entry\\.preview\\default\\intermediates\\res\\default\\ResourceTable.txt","logLevel":"3","stageRouterConfig":{"contents":["{\"module\":{\"pages\":\"$profile:main_pages\",\"name\":\"entry\"}}","{\"src\":[\"pages/LoginPage\",\"pages/MainPage\",\"pages/RegisterPage\",\"pages/alarm\",\"pages/efficiency\",\"pages/no_phone\",\"pages/timer\",\"pages/MainIndex\",\"pages/DetailIndex\",\"pages/schedule\",\"pages/add_schedule\",\"pages/zhuce\"]}"],"paths":["C:\\Users\\HP\\Desktop\\Log_in_page\\entry\\.preview\\default\\intermediates\\res\\default\\module.json","C:\\Users\\HP\\Desktop\\Log_in_page\\entry\\.preview\\default\\intermediates\\res\\default\\resources\\base\\profile\\main_pages.json"]},"port":"29949","aceBuildJson":"C:\\Users\\HP\\Desktop\\Log_in_page\\entry\\.preview\\default\\intermediates\\loader\\default\\loader.json","aceModuleRoot":"C:\\Users\\HP\\Desktop\\Log_in_page\\entry\\src\\main\\ets","aceSoPath":"C:\\Users\\HP\\Desktop\\Log_in_page\\entry\\.preview\\cache\\nativeDependencies.txt","cachePath":"C:\\Users\\HP\\Desktop\\Log_in_page\\entry\\.preview\\cache\\.default","aceModuleBuild":"C:\\Users\\HP\\Desktop\\Log_in_page\\entry\\.preview\\default\\intermediates\\assets\\default\\ets","aceSuperVisualPath":"C:\\Users\\HP\\Desktop\\Log_in_page\\entry\\src\\main\\supervisual","aceModuleJsonPath":"C:\\Users\\HP\\Desktop\\Log_in_page\\entry\\.preview\\default\\intermediates\\res\\default\\module.json"}