{"deviceType":"phone,tablet","localPropertiesPath":"C:\\Users\\HP\\DevEcoStudioProjects\\MyApplication_homepage2\\local.properties","Path":"C:\\Users\\HP\\node\\node-16.20.1\\","note":"false","aceProfilePath":"C:\\Users\\HP\\DevEcoStudioProjects\\MyApplication_homepage2\\entry\\.preview\\default\\intermediates\\res\\default\\resources\\base\\profile","isPreview":"true","hapMode":"false","buildMode":"debug","img2bin":"true","projectProfilePath":"C:\\Users\\HP\\DevEcoStudioProjects\\MyApplication_homepage2\\build-profile.json5","watchMode":"true","appResource":"C:\\Users\\HP\\DevEcoStudioProjects\\MyApplication_homepage2\\entry\\.preview\\default\\intermediates\\res\\default\\ResourceTable.txt","logLevel":"3","stageRouterConfig":{"contents":["{\"module\":{\"pages\":\"$profile:main_pages\",\"name\":\"entry\"}}","{\"src\":[\"pages/EntryAbility\"]}"],"paths":["C:\\Users\\HP\\DevEcoStudioProjects\\MyApplication_homepage2\\entry\\.preview\\default\\intermediates\\res\\default\\module.json","C:\\Users\\HP\\DevEcoStudioProjects\\MyApplication_homepage2\\entry\\.preview\\default\\intermediates\\res\\default\\resources\\base\\profile\\main_pages.json"]},"port":"29914","aceBuildJson":"C:\\Users\\HP\\DevEcoStudioProjects\\MyApplication_homepage2\\entry\\.preview\\default\\intermediates\\loader\\default\\loader.json","aceModuleRoot":"C:\\Users\\HP\\DevEcoStudioProjects\\MyApplication_homepage2\\entry\\src\\main\\ets","aceSoPath":"C:\\Users\\HP\\DevEcoStudioProjects\\MyApplication_homepage2\\entry\\.preview\\cache\\nativeDependencies.txt","cachePath":"C:\\Users\\HP\\DevEcoStudioProjects\\MyApplication_homepage2\\entry\\.preview\\cache\\.default","aceModuleBuild":"C:\\Users\\HP\\DevEcoStudioProjects\\MyApplication_homepage2\\entry\\.preview\\default\\intermediates\\assets\\default\\ets","aceSuperVisualPath":"C:\\Users\\HP\\DevEcoStudioProjects\\MyApplication_homepage2\\entry\\src\\main\\supervisual","aceModuleJsonPath":"C:\\Users\\HP\\DevEcoStudioProjects\\MyApplication_homepage2\\entry\\.preview\\default\\intermediates\\res\\default\\module.json"}