[{"time":"2024-07-18T02:51:03.657Z","category":"etsTransform","level":"warn","msg":"\u001b[33mArkTS:WARN File: C:/Users/HP/Desktop/Log_in_page/entry/src/main/ets/view/Main/ClockArea.ets:21:1\n It's not a recommended way to export struct with @Entry decorator, which may cause ACE Engine error in component preview mode.","type":"plugin_log","fileId":"C:/Users/HP/Desktop/Log_in_page/entry/src/main/ets/view/Main/ClockArea.ets"},{"time":"2024-07-18T02:51:04.031Z","category":"etsTransform","level":"warn","msg":"\u001b[33mArkTS:WARN File: C:/Users/HP/Desktop/Log_in_page/entry/src/main/ets/view/Detail/dialog/CommonDialog.ets:25:3\n BuilderParam property can only initialized by Builder function","type":"plugin_log","fileId":"C:/Users/HP/Desktop/Log_in_page/entry/src/main/ets/view/Detail/dialog/CommonDialog.ets"}]