{
  "version": "1.0",
  "workLog": [],
  "workerIdList": [
    -1
  ],
  "metrics": [
    {
      "type": "build_line",
      "endTime": 1721177503092,
      "status": "closed",
      "children": [],
      "name": "overallTime",
      "taskName": "init",
      "taskPath": "entry",
      "workerId": -1,
      "startTime": 1721177503090
    },
    {
      "type": "build_line",
      "endTime": 1721177503093,
      "status": "closed",
      "children": [],
      "name": "overallTime",
      "taskName": "init",
      "taskPath": "MyApplication_homepage2",
      "workerId": -1,
      "startTime": 1721177503093
    },
    {
      "type": "build_line",
      "endTime": 1721178646491,
      "status": "closed",
      "children": [],
      "name": "overallTime",
      "taskName": "default@PreBuild",
      "taskPath": "entry",
      "workerId": -1,
      "startTime": 1721178646392
    },
    {
      "type": "build_line",
      "endTime": 1721178646496,
      "status": "closed",
      "children": [],
      "name": "overallTime",
      "taskName": "default@MergeProfile",
      "taskPath": "entry",
      "workerId": -1,
      "startTime": 1721178646491
    },
    {
      "type": "build_line",
      "endTime": 1721178646501,
      "status": "closed",
      "children": [],
      "name": "overallTime",
      "taskName": "default@GenerateLoaderJson",
      "taskPath": "entry",
      "workerId": -1,
      "startTime": 1721178646496
    },
    {
      "type": "build_line",
      "endTime": 1721178646621,
      "status": "closed",
      "children": [],
      "name": "overallTime",
      "taskName": "default@ProcessProfile",
      "taskPath": "entry",
      "workerId": -1,
      "startTime": 1721178646501
    },
    {
      "type": "build_line",
      "endTime": 1721178646622,
      "status": "closed",
      "children": [],
      "name": "overallTime",
      "taskName": "default@PreviewProcessResource",
      "taskPath": "entry",
      "workerId": -1,
      "startTime": 1721178646622
    },
    {
      "type": "build_line",
      "endTime": 1721178646888,
      "status": "closed",
      "children": [],
      "name": "overallTime",
      "taskName": "default@PreviewCompileResource",
      "taskPath": "entry",
      "workerId": -1,
      "startTime": 1721178646622
    },
    {
      "type": "build_line",
      "endTime": 1721178646889,
      "status": "closed",
      "children": [],
      "name": "overallTime",
      "taskName": "default@PreviewHookCompileResource",
      "taskPath": "entry",
      "workerId": -1,
      "startTime": 1721178646889
    },
    {
      "type": "build_line",
      "endTime": 1721178646897,
      "status": "closed",
      "children": [],
      "name": "overallTime",
      "taskName": "default@ReplacePreviewerPage",
      "taskPath": "entry",
      "workerId": -1,
      "startTime": 1721178646889
    },
    {
      "type": "build_line",
      "endTime": 1721178646897,
      "status": "closed",
      "children": [],
      "name": "overallTime",
      "taskName": "buildPreviewerResource",
      "taskPath": "entry",
      "workerId": -1,
      "startTime": 1721178646897
    },
    {
      "type": "build_line",
      "endTime": 1721178646900,
      "status": "closed",
      "children": [],
      "name": "overallTime",
      "taskName": "default@PreviewUpdateAssets",
      "taskPath": "entry",
      "workerId": -1,
      "startTime": 1721178646897
    },
    {
      "type": "build_line",
      "endTime": 1721178649633,
      "status": "closed",
      "children": [],
      "name": "overallTime",
      "taskName": "default@PreviewArkTS",
      "taskPath": "entry",
      "workerId": -1,
      "startTime": 1721178646900
    },
    {
      "type": "build_line",
      "endTime": 1721178649639,
      "status": "closed",
      "children": [],
      "name": "overallTime",
      "taskName": "PreviewBuild",
      "taskPath": "entry",
      "workerId": -1,
      "startTime": 1721178649639
    },
    {
      "type": "build_line",
      "endTime": 1721178834690,
      "status": "closed",
      "children": [],
      "name": "overallTime",
      "taskName": "default@PreBuild",
      "taskPath": "entry",
      "workerId": -1,
      "startTime": 1721178834687
    },
    {
      "type": "build_line",
      "endTime": 1721178834692,
      "status": "closed",
      "children": [],
      "name": "overallTime",
      "taskName": "default@MergeProfile",
      "taskPath": "entry",
      "workerId": -1,
      "startTime": 1721178834691
    },
    {
      "type": "build_line",
      "endTime": 1721178834693,
      "status": "closed",
      "children": [],
      "name": "overallTime",
      "taskName": "default@GenerateLoaderJson",
      "taskPath": "entry",
      "workerId": -1,
      "startTime": 1721178834692
    },
    {
      "type": "build_line",
      "endTime": 1721178834694,
      "status": "closed",
      "children": [],
      "name": "overallTime",
      "taskName": "default@ProcessProfile",
      "taskPath": "entry",
      "workerId": -1,
      "startTime": 1721178834693
    },
    {
      "type": "build_line",
      "endTime": 1721178834694,
      "status": "closed",
      "children": [],
      "name": "overallTime",
      "taskName": "default@PreviewProcessResource",
      "taskPath": "entry",
      "workerId": -1,
      "startTime": 1721178834694
    },
    {
      "type": "build_line",
      "endTime": 1721178834703,
      "status": "closed",
      "children": [],
      "name": "overallTime",
      "taskName": "default@PreviewCompileResource",
      "taskPath": "entry",
      "workerId": -1,
      "startTime": 1721178834694
    },
    {
      "type": "build_line",
      "endTime": 1721178834703,
      "status": "closed",
      "children": [],
      "name": "overallTime",
      "taskName": "default@PreviewHookCompileResource",
      "taskPath": "entry",
      "workerId": -1,
      "startTime": 1721178834703
    },
    {
      "type": "build_line",
      "endTime": 1721178834708,
      "status": "closed",
      "children": [],
      "name": "overallTime",
      "taskName": "default@ReplacePreviewerPage",
      "taskPath": "entry",
      "workerId": -1,
      "startTime": 1721178834703
    },
    {
      "type": "build_line",
      "endTime": 1721178834708,
      "status": "closed",
      "children": [],
      "name": "overallTime",
      "taskName": "buildPreviewerResource",
      "taskPath": "entry",
      "workerId": -1,
      "startTime": 1721178834708
    },
    {
      "type": "build_line",
      "endTime": 1721178834710,
      "status": "closed",
      "children": [],
      "name": "overallTime",
      "taskName": "default@PreviewUpdateAssets",
      "taskPath": "entry",
      "workerId": -1,
      "startTime": 1721178834708
    },
    {
      "type": "build_line",
      "endTime": 1721178837572,
      "status": "closed",
      "children": [],
      "name": "overallTime",
      "taskName": "default@PreviewArkTS",
      "taskPath": "entry",
      "workerId": -1,
      "startTime": 1721178834710
    },
    {
      "type": "build_line",
      "endTime": 1721178837579,
      "status": "closed",
      "children": [],
      "name": "overallTime",
      "taskName": "PreviewBuild",
      "taskPath": "entry",
      "workerId": -1,
      "startTime": 1721178837578
    },
    {
      "type": "build_line",
      "endTime": 1721179557448,
      "status": "closed",
      "children": [],
      "name": "overallTime",
      "taskName": "default@PreBuild",
      "taskPath": "entry",
      "workerId": -1,
      "startTime": 1721179557447
    },
    {
      "type": "build_line",
      "endTime": 1721179557449,
      "status": "closed",
      "children": [],
      "name": "overallTime",
      "taskName": "default@MergeProfile",
      "taskPath": "entry",
      "workerId": -1,
      "startTime": 1721179557448
    },
    {
      "type": "build_line",
      "endTime": 1721179557449,
      "status": "closed",
      "children": [],
      "name": "overallTime",
      "taskName": "default@GenerateLoaderJson",
      "taskPath": "entry",
      "workerId": -1,
      "startTime": 1721179557449
    },
    {
      "type": "build_line",
      "endTime": 1721179557450,
      "status": "closed",
      "children": [],
      "name": "overallTime",
      "taskName": "default@ProcessProfile",
      "taskPath": "entry",
      "workerId": -1,
      "startTime": 1721179557449
    },
    {
      "type": "build_line",
      "endTime": 1721179557450,
      "status": "closed",
      "children": [],
      "name": "overallTime",
      "taskName": "default@PreviewProcessResource",
      "taskPath": "entry",
      "workerId": -1,
      "startTime": 1721179557450
    },
    {
      "type": "build_line",
      "endTime": 1721179559363,
      "status": "closed",
      "children": [],
      "name": "overallTime",
      "taskName": "default@PreviewCompileResource",
      "taskPath": "entry",
      "workerId": -1,
      "startTime": 1721179557450
    },
    {
      "type": "build_line",
      "endTime": 1721179559363,
      "status": "closed",
      "children": [],
      "name": "overallTime",
      "taskName": "default@PreviewHookCompileResource",
      "taskPath": "entry",
      "workerId": -1,
      "startTime": 1721179559363
    },
    {
      "type": "build_line",
      "endTime": 1721179559368,
      "status": "closed",
      "children": [],
      "name": "overallTime",
      "taskName": "default@ReplacePreviewerPage",
      "taskPath": "entry",
      "workerId": -1,
      "startTime": 1721179559363
    },
    {
      "type": "build_line",
      "endTime": 1721179559368,
      "status": "closed",
      "children": [],
      "name": "overallTime",
      "taskName": "buildPreviewerResource",
      "taskPath": "entry",
      "workerId": -1,
      "startTime": 1721179559368
    },
    {
      "type": "build_line",
      "endTime": 1721179559370,
      "status": "closed",
      "children": [],
      "name": "overallTime",
      "taskName": "default@PreviewUpdateAssets",
      "taskPath": "entry",
      "workerId": -1,
      "startTime": 1721179559368
    },
    {
      "type": "build_line",
      "endTime": 1721179562898,
      "status": "closed",
      "children": [],
      "name": "overallTime",
      "taskName": "default@PreviewArkTS",
      "taskPath": "entry",
      "workerId": -1,
      "startTime": 1721179559370
    },
    {
      "type": "build_line",
      "endTime": 1721179562904,
      "status": "closed",
      "children": [],
      "name": "overallTime",
      "taskName": "PreviewBuild",
      "taskPath": "entry",
      "workerId": -1,
      "startTime": 1721179562904
    },
    {
      "type": "build_line",
      "endTime": 1721180473833,
      "status": "closed",
      "children": [],
      "name": "overallTime",
      "taskName": "default@PreBuild",
      "taskPath": "entry",
      "workerId": -1,
      "startTime": 1721180473832
    },
    {
      "type": "build_line",
      "endTime": 1721180473834,
      "status": "closed",
      "children": [],
      "name": "overallTime",
      "taskName": "default@MergeProfile",
      "taskPath": "entry",
      "workerId": -1,
      "startTime": 1721180473833
    },
    {
      "type": "build_line",
      "endTime": 1721180473835,
      "status": "closed",
      "children": [],
      "name": "overallTime",
      "taskName": "default@GenerateLoaderJson",
      "taskPath": "entry",
      "workerId": -1,
      "startTime": 1721180473834
    },
    {
      "type": "build_line",
      "endTime": 1721180473836,
      "status": "closed",
      "children": [],
      "name": "overallTime",
      "taskName": "default@ProcessProfile",
      "taskPath": "entry",
      "workerId": -1,
      "startTime": 1721180473835
    },
    {
      "type": "build_line",
      "endTime": 1721180473836,
      "status": "closed",
      "children": [],
      "name": "overallTime",
      "taskName": "default@PreviewProcessResource",
      "taskPath": "entry",
      "workerId": -1,
      "startTime": 1721180473836
    },
    {
      "type": "build_line",
      "endTime": 1721180473842,
      "status": "closed",
      "children": [],
      "name": "overallTime",
      "taskName": "default@PreviewCompileResource",
      "taskPath": "entry",
      "workerId": -1,
      "startTime": 1721180473836
    },
    {
      "type": "build_line",
      "endTime": 1721180473842,
      "status": "closed",
      "children": [],
      "name": "overallTime",
      "taskName": "default@PreviewHookCompileResource",
      "taskPath": "entry",
      "workerId": -1,
      "startTime": 1721180473842
    },
    {
      "type": "build_line",
      "endTime": 1721180473845,
      "status": "closed",
      "children": [],
      "name": "overallTime",
      "taskName": "default@ReplacePreviewerPage",
      "taskPath": "entry",
      "workerId": -1,
      "startTime": 1721180473842
    },
    {
      "type": "build_line",
      "endTime": 1721180473845,
      "status": "closed",
      "children": [],
      "name": "overallTime",
      "taskName": "buildPreviewerResource",
      "taskPath": "entry",
      "workerId": -1,
      "startTime": 1721180473845
    },
    {
      "type": "build_line",
      "endTime": 1721180473847,
      "status": "closed",
      "children": [],
      "name": "overallTime",
      "taskName": "default@PreviewUpdateAssets",
      "taskPath": "entry",
      "workerId": -1,
      "startTime": 1721180473845
    },
    {
      "type": "build_line",
      "endTime": 1721180478340,
      "status": "closed",
      "children": [],
      "name": "overallTime",
      "taskName": "default@PreviewArkTS",
      "taskPath": "entry",
      "workerId": -1,
      "startTime": 1721180473847
    },
    {
      "type": "build_line",
      "endTime": 1721180478345,
      "status": "closed",
      "children": [],
      "name": "overallTime",
      "taskName": "PreviewBuild",
      "taskPath": "entry",
      "workerId": -1,
      "startTime": 1721180478345
    },
    {
      "type": "build_line",
      "endTime": 1721181434262,
      "status": "closed",
      "children": [],
      "name": "overallTime",
      "taskName": "default@PreBuild",
      "taskPath": "entry",
      "workerId": -1,
      "startTime": 1721181434260
    },
    {
      "type": "build_line",
      "endTime": 1721181434263,
      "status": "closed",
      "children": [],
      "name": "overallTime",
      "taskName": "default@MergeProfile",
      "taskPath": "entry",
      "workerId": -1,
      "startTime": 1721181434262
    },
    {
      "type": "build_line",
      "endTime": 1721181434264,
      "status": "closed",
      "children": [],
      "name": "overallTime",
      "taskName": "default@GenerateLoaderJson",
      "taskPath": "entry",
      "workerId": -1,
      "startTime": 1721181434263
    },
    {
      "type": "build_line",
      "endTime": 1721181434265,
      "status": "closed",
      "children": [],
      "name": "overallTime",
      "taskName": "default@ProcessProfile",
      "taskPath": "entry",
      "workerId": -1,
      "startTime": 1721181434264
    },
    {
      "type": "build_line",
      "endTime": 1721181434265,
      "status": "closed",
      "children": [],
      "name": "overallTime",
      "taskName": "default@PreviewProcessResource",
      "taskPath": "entry",
      "workerId": -1,
      "startTime": 1721181434265
    },
    {
      "type": "build_line",
      "endTime": 1721181435037,
      "status": "closed",
      "children": [],
      "name": "overallTime",
      "taskName": "default@PreviewCompileResource",
      "taskPath": "entry",
      "workerId": -1,
      "startTime": 1721181434265
    },
    {
      "type": "build_line",
      "endTime": 1721181435037,
      "status": "closed",
      "children": [],
      "name": "overallTime",
      "taskName": "default@PreviewHookCompileResource",
      "taskPath": "entry",
      "workerId": -1,
      "startTime": 1721181435037
    },
    {
      "type": "build_line",
      "endTime": 1721181435042,
      "status": "closed",
      "children": [],
      "name": "overallTime",
      "taskName": "default@ReplacePreviewerPage",
      "taskPath": "entry",
      "workerId": -1,
      "startTime": 1721181435037
    },
    {
      "type": "build_line",
      "endTime": 1721181435042,
      "status": "closed",
      "children": [],
      "name": "overallTime",
      "taskName": "buildPreviewerResource",
      "taskPath": "entry",
      "workerId": -1,
      "startTime": 1721181435042
    },
    {
      "type": "build_line",
      "endTime": 1721181435045,
      "status": "closed",
      "children": [],
      "name": "overallTime",
      "taskName": "default@PreviewUpdateAssets",
      "taskPath": "entry",
      "workerId": -1,
      "startTime": 1721181435042
    },
    {
      "type": "build_line",
      "endTime": 1721181438628,
      "status": "closed",
      "children": [],
      "name": "overallTime",
      "taskName": "default@PreviewArkTS",
      "taskPath": "entry",
      "workerId": -1,
      "startTime": 1721181435045
    },
    {
      "type": "build_line",
      "endTime": 1721181438631,
      "status": "closed",
      "children": [],
      "name": "overallTime",
      "taskName": "PreviewBuild",
      "taskPath": "entry",
      "workerId": -1,
      "startTime": 1721181438631
    },
    {
      "type": "build_line",
      "endTime": 1721182428642,
      "status": "closed",
      "children": [],
      "name": "overallTime",
      "taskName": "default@PreBuild",
      "taskPath": "entry",
      "workerId": -1,
      "startTime": 1721182428640
    },
    {
      "type": "build_line",
      "endTime": 1721182428644,
      "status": "closed",
      "children": [],
      "name": "overallTime",
      "taskName": "default@MergeProfile",
      "taskPath": "entry",
      "workerId": -1,
      "startTime": 1721182428643
    },
    {
      "type": "build_line",
      "endTime": 1721182428644,
      "status": "closed",
      "children": [],
      "name": "overallTime",
      "taskName": "default@GenerateLoaderJson",
      "taskPath": "entry",
      "workerId": -1,
      "startTime": 1721182428644
    },
    {
      "type": "build_line",
      "endTime": 1721182428645,
      "status": "closed",
      "children": [],
      "name": "overallTime",
      "taskName": "default@ProcessProfile",
      "taskPath": "entry",
      "workerId": -1,
      "startTime": 1721182428644
    },
    {
      "type": "build_line",
      "endTime": 1721182428645,
      "status": "closed",
      "children": [],
      "name": "overallTime",
      "taskName": "default@PreviewProcessResource",
      "taskPath": "entry",
      "workerId": -1,
      "startTime": 1721182428645
    },
    {
      "type": "build_line",
      "endTime": 1721182428899,
      "status": "closed",
      "children": [],
      "name": "overallTime",
      "taskName": "default@PreviewCompileResource",
      "taskPath": "entry",
      "workerId": -1,
      "startTime": 1721182428645
    },
    {
      "type": "build_line",
      "endTime": 1721182428899,
      "status": "closed",
      "children": [],
      "name": "overallTime",
      "taskName": "default@PreviewHookCompileResource",
      "taskPath": "entry",
      "workerId": -1,
      "startTime": 1721182428899
    },
    {
      "type": "build_line",
      "endTime": 1721182428904,
      "status": "closed",
      "children": [],
      "name": "overallTime",
      "taskName": "default@ReplacePreviewerPage",
      "taskPath": "entry",
      "workerId": -1,
      "startTime": 1721182428899
    },
    {
      "type": "build_line",
      "endTime": 1721182428904,
      "status": "closed",
      "children": [],
      "name": "overallTime",
      "taskName": "buildPreviewerResource",
      "taskPath": "entry",
      "workerId": -1,
      "startTime": 1721182428904
    },
    {
      "type": "build_line",
      "endTime": 1721182428907,
      "status": "closed",
      "children": [],
      "name": "overallTime",
      "taskName": "default@PreviewUpdateAssets",
      "taskPath": "entry",
      "workerId": -1,
      "startTime": 1721182428905
    },
    {
      "type": "build_line",
      "endTime": 1721182432359,
      "status": "closed",
      "children": [],
      "name": "overallTime",
      "taskName": "default@PreviewArkTS",
      "taskPath": "entry",
      "workerId": -1,
      "startTime": 1721182428907
    },
    {
      "type": "build_line",
      "endTime": 1721182432364,
      "status": "closed",
      "children": [],
      "name": "overallTime",
      "taskName": "PreviewBuild",
      "taskPath": "entry",
      "workerId": -1,
      "startTime": 1721182432364
    },
    {
      "type": "build_line",
      "endTime": 1721182689902,
      "status": "closed",
      "children": [],
      "name": "overallTime",
      "taskName": "default@PreBuild",
      "taskPath": "entry",
      "workerId": -1,
      "startTime": 1721182689901
    },
    {
      "type": "build_line",
      "endTime": 1721182689904,
      "status": "closed",
      "children": [],
      "name": "overallTime",
      "taskName": "default@MergeProfile",
      "taskPath": "entry",
      "workerId": -1,
      "startTime": 1721182689903
    },
    {
      "type": "build_line",
      "endTime": 1721182689904,
      "status": "closed",
      "children": [],
      "name": "overallTime",
      "taskName": "default@GenerateLoaderJson",
      "taskPath": "entry",
      "workerId": -1,
      "startTime": 1721182689904
    },
    {
      "type": "build_line",
      "endTime": 1721182689905,
      "status": "closed",
      "children": [],
      "name": "overallTime",
      "taskName": "default@ProcessProfile",
      "taskPath": "entry",
      "workerId": -1,
      "startTime": 1721182689904
    },
    {
      "type": "build_line",
      "endTime": 1721182689905,
      "status": "closed",
      "children": [],
      "name": "overallTime",
      "taskName": "default@PreviewProcessResource",
      "taskPath": "entry",
      "workerId": -1,
      "startTime": 1721182689905
    },
    {
      "type": "build_line",
      "endTime": 1721182689913,
      "status": "closed",
      "children": [],
      "name": "overallTime",
      "taskName": "default@PreviewCompileResource",
      "taskPath": "entry",
      "workerId": -1,
      "startTime": 1721182689905
    },
    {
      "type": "build_line",
      "endTime": 1721182689913,
      "status": "closed",
      "children": [],
      "name": "overallTime",
      "taskName": "default@PreviewHookCompileResource",
      "taskPath": "entry",
      "workerId": -1,
      "startTime": 1721182689913
    },
    {
      "type": "build_line",
      "endTime": 1721182689918,
      "status": "closed",
      "children": [],
      "name": "overallTime",
      "taskName": "default@ReplacePreviewerPage",
      "taskPath": "entry",
      "workerId": -1,
      "startTime": 1721182689913
    },
    {
      "type": "build_line",
      "endTime": 1721182689918,
      "status": "closed",
      "children": [],
      "name": "overallTime",
      "taskName": "buildPreviewerResource",
      "taskPath": "entry",
      "workerId": -1,
      "startTime": 1721182689918
    },
    {
      "type": "build_line",
      "endTime": 1721182689920,
      "status": "closed",
      "children": [],
      "name": "overallTime",
      "taskName": "default@PreviewUpdateAssets",
      "taskPath": "entry",
      "workerId": -1,
      "startTime": 1721182689918
    },
    {
      "type": "build_line",
      "endTime": 1721182692938,
      "status": "closed",
      "children": [],
      "name": "overallTime",
      "taskName": "default@PreviewArkTS",
      "taskPath": "entry",
      "workerId": -1,
      "startTime": 1721182689920
    },
    {
      "type": "build_line",
      "endTime": 1721182692941,
      "status": "closed",
      "children": [],
      "name": "overallTime",
      "taskName": "PreviewBuild",
      "taskPath": "entry",
      "workerId": -1,
      "startTime": 1721182692941
    },
    {
      "type": "build_line",
      "endTime": 1721182701681,
      "status": "closed",
      "children": [],
      "name": "overallTime",
      "taskName": "default@PreBuild",
      "taskPath": "entry",
      "workerId": -1,
      "startTime": 1721182701679
    },
    {
      "type": "build_line",
      "endTime": 1721182701683,
      "status": "closed",
      "children": [],
      "name": "overallTime",
      "taskName": "default@MergeProfile",
      "taskPath": "entry",
      "workerId": -1,
      "startTime": 1721182701681
    },
    {
      "type": "build_line",
      "endTime": 1721182701684,
      "status": "closed",
      "children": [],
      "name": "overallTime",
      "taskName": "default@GenerateLoaderJson",
      "taskPath": "entry",
      "workerId": -1,
      "startTime": 1721182701683
    },
    {
      "type": "build_line",
      "endTime": 1721182701685,
      "status": "closed",
      "children": [],
      "name": "overallTime",
      "taskName": "default@ProcessProfile",
      "taskPath": "entry",
      "workerId": -1,
      "startTime": 1721182701684
    },
    {
      "type": "build_line",
      "endTime": 1721182701685,
      "status": "closed",
      "children": [],
      "name": "overallTime",
      "taskName": "default@PreviewProcessResource",
      "taskPath": "entry",
      "workerId": -1,
      "startTime": 1721182701685
    },
    {
      "type": "build_line",
      "endTime": 1721182701965,
      "status": "closed",
      "children": [],
      "name": "overallTime",
      "taskName": "default@PreviewCompileResource",
      "taskPath": "entry",
      "workerId": -1,
      "startTime": 1721182701685
    },
    {
      "type": "build_line",
      "endTime": 1721182701966,
      "status": "closed",
      "children": [],
      "name": "overallTime",
      "taskName": "default@PreviewHookCompileResource",
      "taskPath": "entry",
      "workerId": -1,
      "startTime": 1721182701966
    },
    {
      "type": "build_line",
      "endTime": 1721182701972,
      "status": "closed",
      "children": [],
      "name": "overallTime",
      "taskName": "default@ReplacePreviewerPage",
      "taskPath": "entry",
      "workerId": -1,
      "startTime": 1721182701966
    },
    {
      "type": "build_line",
      "endTime": 1721182701972,
      "status": "closed",
      "children": [],
      "name": "overallTime",
      "taskName": "buildPreviewerResource",
      "taskPath": "entry",
      "workerId": -1,
      "startTime": 1721182701972
    },
    {
      "type": "build_line",
      "endTime": 1721182701974,
      "status": "closed",
      "children": [],
      "name": "overallTime",
      "taskName": "default@PreviewUpdateAssets",
      "taskPath": "entry",
      "workerId": -1,
      "startTime": 1721182701972
    },
    {
      "type": "build_line",
      "endTime": 1721182704908,
      "status": "closed",
      "children": [],
      "name": "overallTime",
      "taskName": "default@PreviewArkTS",
      "taskPath": "entry",
      "workerId": -1,
      "startTime": 1721182701974
    },
    {
      "type": "build_line",
      "endTime": 1721182704911,
      "status": "closed",
      "children": [],
      "name": "overallTime",
      "taskName": "PreviewBuild",
      "taskPath": "entry",
      "workerId": -1,
      "startTime": 1721182704911
    },
    {
      "type": "build_line",
      "endTime": 1721182932973,
      "status": "closed",
      "children": [],
      "name": "overallTime",
      "taskName": "default@PreBuild",
      "taskPath": "entry",
      "workerId": -1,
      "startTime": 1721182932972
    },
    {
      "type": "build_line",
      "endTime": 1721182932975,
      "status": "closed",
      "children": [],
      "name": "overallTime",
      "taskName": "default@MergeProfile",
      "taskPath": "entry",
      "workerId": -1,
      "startTime": 1721182932974
    },
    {
      "type": "build_line",
      "endTime": 1721182932976,
      "status": "closed",
      "children": [],
      "name": "overallTime",
      "taskName": "default@GenerateLoaderJson",
      "taskPath": "entry",
      "workerId": -1,
      "startTime": 1721182932976
    },
    {
      "type": "build_line",
      "endTime": 1721182932977,
      "status": "closed",
      "children": [],
      "name": "overallTime",
      "taskName": "default@ProcessProfile",
      "taskPath": "entry",
      "workerId": -1,
      "startTime": 1721182932976
    },
    {
      "type": "build_line",
      "endTime": 1721182932977,
      "status": "closed",
      "children": [],
      "name": "overallTime",
      "taskName": "default@PreviewProcessResource",
      "taskPath": "entry",
      "workerId": -1,
      "startTime": 1721182932977
    },
    {
      "type": "build_line",
      "endTime": 1721182932987,
      "status": "closed",
      "children": [],
      "name": "overallTime",
      "taskName": "default@PreviewCompileResource",
      "taskPath": "entry",
      "workerId": -1,
      "startTime": 1721182932977
    },
    {
      "type": "build_line",
      "endTime": 1721182932987,
      "status": "closed",
      "children": [],
      "name": "overallTime",
      "taskName": "default@PreviewHookCompileResource",
      "taskPath": "entry",
      "workerId": -1,
      "startTime": 1721182932987
    },
    {
      "type": "build_line",
      "endTime": 1721182932996,
      "status": "closed",
      "children": [],
      "name": "overallTime",
      "taskName": "default@ReplacePreviewerPage",
      "taskPath": "entry",
      "workerId": -1,
      "startTime": 1721182932987
    },
    {
      "type": "build_line",
      "endTime": 1721182932996,
      "status": "closed",
      "children": [],
      "name": "overallTime",
      "taskName": "buildPreviewerResource",
      "taskPath": "entry",
      "workerId": -1,
      "startTime": 1721182932996
    },
    {
      "type": "build_line",
      "endTime": 1721182932999,
      "status": "closed",
      "children": [],
      "name": "overallTime",
      "taskName": "default@PreviewUpdateAssets",
      "taskPath": "entry",
      "workerId": -1,
      "startTime": 1721182932996
    },
    {
      "type": "build_line",
      "endTime": 1721182936102,
      "status": "closed",
      "children": [],
      "name": "overallTime",
      "taskName": "default@PreviewArkTS",
      "taskPath": "entry",
      "workerId": -1,
      "startTime": 1721182932999
    },
    {
      "type": "build_line",
      "endTime": 1721182936107,
      "status": "closed",
      "children": [],
      "name": "overallTime",
      "taskName": "PreviewBuild",
      "taskPath": "entry",
      "workerId": -1,
      "startTime": 1721182936107
    },
    {
      "type": "build_line",
      "endTime": 1721183262133,
      "status": "closed",
      "children": [],
      "name": "overallTime",
      "taskName": "default@PreBuild",
      "taskPath": "entry",
      "workerId": -1,
      "startTime": 1721183262132
    },
    {
      "type": "build_line",
      "endTime": 1721183262135,
      "status": "closed",
      "children": [],
      "name": "overallTime",
      "taskName": "default@MergeProfile",
      "taskPath": "entry",
      "workerId": -1,
      "startTime": 1721183262134
    },
    {
      "type": "build_line",
      "endTime": 1721183262135,
      "status": "closed",
      "children": [],
      "name": "overallTime",
      "taskName": "default@GenerateLoaderJson",
      "taskPath": "entry",
      "workerId": -1,
      "startTime": 1721183262135
    },
    {
      "type": "build_line",
      "endTime": 1721183262136,
      "status": "closed",
      "children": [],
      "name": "overallTime",
      "taskName": "default@ProcessProfile",
      "taskPath": "entry",
      "workerId": -1,
      "startTime": 1721183262135
    },
    {
      "type": "build_line",
      "endTime": 1721183262136,
      "status": "closed",
      "children": [],
      "name": "overallTime",
      "taskName": "default@PreviewProcessResource",
      "taskPath": "entry",
      "workerId": -1,
      "startTime": 1721183262136
    },
    {
      "type": "build_line",
      "endTime": 1721183262991,
      "status": "closed",
      "children": [],
      "name": "overallTime",
      "taskName": "default@PreviewCompileResource",
      "taskPath": "entry",
      "workerId": -1,
      "startTime": 1721183262136
    },
    {
      "type": "build_line",
      "endTime": 1721183262992,
      "status": "closed",
      "children": [],
      "name": "overallTime",
      "taskName": "default@PreviewHookCompileResource",
      "taskPath": "entry",
      "workerId": -1,
      "startTime": 1721183262992
    },
    {
      "type": "build_line",
      "endTime": 1721183262998,
      "status": "closed",
      "children": [],
      "name": "overallTime",
      "taskName": "default@ReplacePreviewerPage",
      "taskPath": "entry",
      "workerId": -1,
      "startTime": 1721183262992
    },
    {
      "type": "build_line",
      "endTime": 1721183262998,
      "status": "closed",
      "children": [],
      "name": "overallTime",
      "taskName": "buildPreviewerResource",
      "taskPath": "entry",
      "workerId": -1,
      "startTime": 1721183262998
    },
    {
      "type": "build_line",
      "endTime": 1721183263000,
      "status": "closed",
      "children": [],
      "name": "overallTime",
      "taskName": "default@PreviewUpdateAssets",
      "taskPath": "entry",
      "workerId": -1,
      "startTime": 1721183262998
    },
    {
      "type": "build_line",
      "endTime": 1721183266097,
      "status": "closed",
      "children": [],
      "name": "overallTime",
      "taskName": "default@PreviewArkTS",
      "taskPath": "entry",
      "workerId": -1,
      "startTime": 1721183263000
    },
    {
      "type": "build_line",
      "endTime": 1721183266102,
      "status": "closed",
      "children": [],
      "name": "overallTime",
      "taskName": "PreviewBuild",
      "taskPath": "entry",
      "workerId": -1,
      "startTime": 1721183266102
    },
    {
      "type": "build_line",
      "endTime": 1721183464691,
      "status": "closed",
      "children": [],
      "name": "overallTime",
      "taskName": "default@PreBuild",
      "taskPath": "entry",
      "workerId": -1,
      "startTime": 1721183464690
    },
    {
      "type": "build_line",
      "endTime": 1721183464692,
      "status": "closed",
      "children": [],
      "name": "overallTime",
      "taskName": "default@MergeProfile",
      "taskPath": "entry",
      "workerId": -1,
      "startTime": 1721183464691
    },
    {
      "type": "build_line",
      "endTime": 1721183464693,
      "status": "closed",
      "children": [],
      "name": "overallTime",
      "taskName": "default@GenerateLoaderJson",
      "taskPath": "entry",
      "workerId": -1,
      "startTime": 1721183464693
    },
    {
      "type": "build_line",
      "endTime": 1721183464694,
      "status": "closed",
      "children": [],
      "name": "overallTime",
      "taskName": "default@ProcessProfile",
      "taskPath": "entry",
      "workerId": -1,
      "startTime": 1721183464693
    },
    {
      "type": "build_line",
      "endTime": 1721183464694,
      "status": "closed",
      "children": [],
      "name": "overallTime",
      "taskName": "default@PreviewProcessResource",
      "taskPath": "entry",
      "workerId": -1,
      "startTime": 1721183464694
    },
    {
      "type": "build_line",
      "endTime": 1721183464703,
      "status": "closed",
      "children": [],
      "name": "overallTime",
      "taskName": "default@PreviewCompileResource",
      "taskPath": "entry",
      "workerId": -1,
      "startTime": 1721183464694
    },
    {
      "type": "build_line",
      "endTime": 1721183464703,
      "status": "closed",
      "children": [],
      "name": "overallTime",
      "taskName": "default@PreviewHookCompileResource",
      "taskPath": "entry",
      "workerId": -1,
      "startTime": 1721183464703
    },
    {
      "type": "build_line",
      "endTime": 1721183464709,
      "status": "closed",
      "children": [],
      "name": "overallTime",
      "taskName": "default@ReplacePreviewerPage",
      "taskPath": "entry",
      "workerId": -1,
      "startTime": 1721183464703
    },
    {
      "type": "build_line",
      "endTime": 1721183464709,
      "status": "closed",
      "children": [],
      "name": "overallTime",
      "taskName": "buildPreviewerResource",
      "taskPath": "entry",
      "workerId": -1,
      "startTime": 1721183464709
    },
    {
      "type": "build_line",
      "endTime": 1721183464711,
      "status": "closed",
      "children": [],
      "name": "overallTime",
      "taskName": "default@PreviewUpdateAssets",
      "taskPath": "entry",
      "workerId": -1,
      "startTime": 1721183464709
    },
    {
      "type": "build_line",
      "endTime": 1721183467766,
      "status": "closed",
      "children": [],
      "name": "overallTime",
      "taskName": "default@PreviewArkTS",
      "taskPath": "entry",
      "workerId": -1,
      "startTime": 1721183464712
    },
    {
      "type": "build_line",
      "endTime": 1721183467771,
      "status": "closed",
      "children": [],
      "name": "overallTime",
      "taskName": "PreviewBuild",
      "taskPath": "entry",
      "workerId": -1,
      "startTime": 1721183467771
    },
    {
      "type": "build_line",
      "endTime": 1721183982235,
      "status": "closed",
      "children": [],
      "name": "overallTime",
      "taskName": "default@PreBuild",
      "taskPath": "entry",
      "workerId": -1,
      "startTime": 1721183982234
    },
    {
      "type": "build_line",
      "endTime": 1721183982236,
      "status": "closed",
      "children": [],
      "name": "overallTime",
      "taskName": "default@MergeProfile",
      "taskPath": "entry",
      "workerId": -1,
      "startTime": 1721183982235
    },
    {
      "type": "build_line",
      "endTime": 1721183982236,
      "status": "closed",
      "children": [],
      "name": "overallTime",
      "taskName": "default@GenerateLoaderJson",
      "taskPath": "entry",
      "workerId": -1,
      "startTime": 1721183982236
    },
    {
      "type": "build_line",
      "endTime": 1721183982237,
      "status": "closed",
      "children": [],
      "name": "overallTime",
      "taskName": "default@ProcessProfile",
      "taskPath": "entry",
      "workerId": -1,
      "startTime": 1721183982236
    },
    {
      "type": "build_line",
      "endTime": 1721183982237,
      "status": "closed",
      "children": [],
      "name": "overallTime",
      "taskName": "default@PreviewProcessResource",
      "taskPath": "entry",
      "workerId": -1,
      "startTime": 1721183982237
    },
    {
      "type": "build_line",
      "endTime": 1721183982466,
      "status": "closed",
      "children": [],
      "name": "overallTime",
      "taskName": "default@PreviewCompileResource",
      "taskPath": "entry",
      "workerId": -1,
      "startTime": 1721183982237
    },
    {
      "type": "build_line",
      "endTime": 1721183982466,
      "status": "closed",
      "children": [],
      "name": "overallTime",
      "taskName": "default@PreviewHookCompileResource",
      "taskPath": "entry",
      "workerId": -1,
      "startTime": 1721183982466
    },
    {
      "type": "build_line",
      "endTime": 1721183982471,
      "status": "closed",
      "children": [],
      "name": "overallTime",
      "taskName": "default@ReplacePreviewerPage",
      "taskPath": "entry",
      "workerId": -1,
      "startTime": 1721183982466
    },
    {
      "type": "build_line",
      "endTime": 1721183982471,
      "status": "closed",
      "children": [],
      "name": "overallTime",
      "taskName": "buildPreviewerResource",
      "taskPath": "entry",
      "workerId": -1,
      "startTime": 1721183982471
    },
    {
      "type": "build_line",
      "endTime": 1721183982472,
      "status": "closed",
      "children": [],
      "name": "overallTime",
      "taskName": "default@PreviewUpdateAssets",
      "taskPath": "entry",
      "workerId": -1,
      "startTime": 1721183982471
    },
    {
      "type": "build_line",
      "endTime": 1721183985506,
      "status": "closed",
      "children": [],
      "name": "overallTime",
      "taskName": "default@PreviewArkTS",
      "taskPath": "entry",
      "workerId": -1,
      "startTime": 1721183982473
    },
    {
      "type": "build_line",
      "endTime": 1721183985509,
      "status": "closed",
      "children": [],
      "name": "overallTime",
      "taskName": "PreviewBuild",
      "taskPath": "entry",
      "workerId": -1,
      "startTime": 1721183985509
    },
    {
      "type": "build_line",
      "endTime": 1721187370931,
      "status": "closed",
      "children": [],
      "name": "overallTime",
      "taskName": "default@PreBuild",
      "taskPath": "entry",
      "workerId": -1,
      "startTime": 1721187370929
    },
    {
      "type": "build_line",
      "endTime": 1721187370933,
      "status": "closed",
      "children": [],
      "name": "overallTime",
      "taskName": "default@MergeProfile",
      "taskPath": "entry",
      "workerId": -1,
      "startTime": 1721187370932
    },
    {
      "type": "build_line",
      "endTime": 1721187370934,
      "status": "closed",
      "children": [],
      "name": "overallTime",
      "taskName": "default@GenerateLoaderJson",
      "taskPath": "entry",
      "workerId": -1,
      "startTime": 1721187370933
    },
    {
      "type": "build_line",
      "endTime": 1721187370935,
      "status": "closed",
      "children": [],
      "name": "overallTime",
      "taskName": "default@ProcessProfile",
      "taskPath": "entry",
      "workerId": -1,
      "startTime": 1721187370934
    },
    {
      "type": "build_line",
      "endTime": 1721187370935,
      "status": "closed",
      "children": [],
      "name": "overallTime",
      "taskName": "default@PreviewProcessResource",
      "taskPath": "entry",
      "workerId": -1,
      "startTime": 1721187370935
    },
    {
      "type": "build_line",
      "endTime": 1721187370949,
      "status": "closed",
      "children": [],
      "name": "overallTime",
      "taskName": "default@PreviewCompileResource",
      "taskPath": "entry",
      "workerId": -1,
      "startTime": 1721187370935
    },
    {
      "type": "build_line",
      "endTime": 1721187370949,
      "status": "closed",
      "children": [],
      "name": "overallTime",
      "taskName": "default@PreviewHookCompileResource",
      "taskPath": "entry",
      "workerId": -1,
      "startTime": 1721187370949
    },
    {
      "type": "build_line",
      "endTime": 1721187370957,
      "status": "closed",
      "children": [],
      "name": "overallTime",
      "taskName": "default@ReplacePreviewerPage",
      "taskPath": "entry",
      "workerId": -1,
      "startTime": 1721187370949
    },
    {
      "type": "build_line",
      "endTime": 1721187370957,
      "status": "closed",
      "children": [],
      "name": "overallTime",
      "taskName": "buildPreviewerResource",
      "taskPath": "entry",
      "workerId": -1,
      "startTime": 1721187370957
    },
    {
      "type": "build_line",
      "endTime": 1721187370961,
      "status": "closed",
      "children": [],
      "name": "overallTime",
      "taskName": "default@PreviewUpdateAssets",
      "taskPath": "entry",
      "workerId": -1,
      "startTime": 1721187370957
    },
    {
      "type": "build_line",
      "endTime": 1721187375579,
      "status": "closed",
      "children": [],
      "name": "overallTime",
      "taskName": "default@PreviewArkTS",
      "taskPath": "entry",
      "workerId": -1,
      "startTime": 1721187370961
    },
    {
      "type": "build_line",
      "endTime": 1721187375584,
      "status": "closed",
      "children": [],
      "name": "overallTime",
      "taskName": "PreviewBuild",
      "taskPath": "entry",
      "workerId": -1,
      "startTime": 1721187375584
    },
    {
      "type": "build_line",
      "endTime": 1721187428214,
      "status": "closed",
      "children": [],
      "name": "overallTime",
      "taskName": "default@PreBuild",
      "taskPath": "entry",
      "workerId": -1,
      "startTime": 1721187428212
    },
    {
      "type": "build_line",
      "endTime": 1721187428215,
      "status": "closed",
      "children": [],
      "name": "overallTime",
      "taskName": "default@MergeProfile",
      "taskPath": "entry",
      "workerId": -1,
      "startTime": 1721187428214
    },
    {
      "type": "build_line",
      "endTime": 1721187428216,
      "status": "closed",
      "children": [],
      "name": "overallTime",
      "taskName": "default@GenerateLoaderJson",
      "taskPath": "entry",
      "workerId": -1,
      "startTime": 1721187428215
    },
    {
      "type": "build_line",
      "endTime": 1721187428217,
      "status": "closed",
      "children": [],
      "name": "overallTime",
      "taskName": "default@ProcessProfile",
      "taskPath": "entry",
      "workerId": -1,
      "startTime": 1721187428216
    },
    {
      "type": "build_line",
      "endTime": 1721187428218,
      "status": "closed",
      "children": [],
      "name": "overallTime",
      "taskName": "default@PreviewProcessResource",
      "taskPath": "entry",
      "workerId": -1,
      "startTime": 1721187428217
    },
    {
      "type": "build_line",
      "endTime": 1721187429015,
      "status": "closed",
      "children": [],
      "name": "overallTime",
      "taskName": "default@PreviewCompileResource",
      "taskPath": "entry",
      "workerId": -1,
      "startTime": 1721187428218
    },
    {
      "type": "build_line",
      "endTime": 1721187429015,
      "status": "closed",
      "children": [],
      "name": "overallTime",
      "taskName": "default@PreviewHookCompileResource",
      "taskPath": "entry",
      "workerId": -1,
      "startTime": 1721187429015
    },
    {
      "type": "build_line",
      "endTime": 1721187429020,
      "status": "closed",
      "children": [],
      "name": "overallTime",
      "taskName": "default@ReplacePreviewerPage",
      "taskPath": "entry",
      "workerId": -1,
      "startTime": 1721187429015
    },
    {
      "type": "build_line",
      "endTime": 1721187429020,
      "status": "closed",
      "children": [],
      "name": "overallTime",
      "taskName": "buildPreviewerResource",
      "taskPath": "entry",
      "workerId": -1,
      "startTime": 1721187429020
    },
    {
      "type": "build_line",
      "endTime": 1721187429022,
      "status": "closed",
      "children": [],
      "name": "overallTime",
      "taskName": "default@PreviewUpdateAssets",
      "taskPath": "entry",
      "workerId": -1,
      "startTime": 1721187429020
    },
    {
      "type": "build_line",
      "endTime": 1721187432276,
      "status": "closed",
      "children": [],
      "name": "overallTime",
      "taskName": "default@PreviewArkTS",
      "taskPath": "entry",
      "workerId": -1,
      "startTime": 1721187429022
    },
    {
      "type": "build_line",
      "endTime": 1721187432279,
      "status": "closed",
      "children": [],
      "name": "overallTime",
      "taskName": "PreviewBuild",
      "taskPath": "entry",
      "workerId": -1,
      "startTime": 1721187432279
    },
    {
      "type": "build_line",
      "endTime": 1721187471040,
      "status": "closed",
      "children": [],
      "name": "overallTime",
      "taskName": "default@PreBuild",
      "taskPath": "entry",
      "workerId": -1,
      "startTime": 1721187471038
    },
    {
      "type": "build_line",
      "endTime": 1721187471041,
      "status": "closed",
      "children": [],
      "name": "overallTime",
      "taskName": "default@MergeProfile",
      "taskPath": "entry",
      "workerId": -1,
      "startTime": 1721187471040
    },
    {
      "type": "build_line",
      "endTime": 1721187471041,
      "status": "closed",
      "children": [],
      "name": "overallTime",
      "taskName": "default@GenerateLoaderJson",
      "taskPath": "entry",
      "workerId": -1,
      "startTime": 1721187471041
    },
    {
      "type": "build_line",
      "endTime": 1721187471042,
      "status": "closed",
      "children": [],
      "name": "overallTime",
      "taskName": "default@ProcessProfile",
      "taskPath": "entry",
      "workerId": -1,
      "startTime": 1721187471041
    },
    {
      "type": "build_line",
      "endTime": 1721187471042,
      "status": "closed",
      "children": [],
      "name": "overallTime",
      "taskName": "default@PreviewProcessResource",
      "taskPath": "entry",
      "workerId": -1,
      "startTime": 1721187471042
    },
    {
      "type": "build_line",
      "endTime": 1721187471051,
      "status": "closed",
      "children": [],
      "name": "overallTime",
      "taskName": "default@PreviewCompileResource",
      "taskPath": "entry",
      "workerId": -1,
      "startTime": 1721187471042
    },
    {
      "type": "build_line",
      "endTime": 1721187471051,
      "status": "closed",
      "children": [],
      "name": "overallTime",
      "taskName": "default@PreviewHookCompileResource",
      "taskPath": "entry",
      "workerId": -1,
      "startTime": 1721187471051
    },
    {
      "type": "build_line",
      "endTime": 1721187471056,
      "status": "closed",
      "children": [],
      "name": "overallTime",
      "taskName": "default@ReplacePreviewerPage",
      "taskPath": "entry",
      "workerId": -1,
      "startTime": 1721187471051
    },
    {
      "type": "build_line",
      "endTime": 1721187471056,
      "status": "closed",
      "children": [],
      "name": "overallTime",
      "taskName": "buildPreviewerResource",
      "taskPath": "entry",
      "workerId": -1,
      "startTime": 1721187471056
    },
    {
      "type": "build_line",
      "endTime": 1721187471059,
      "status": "closed",
      "children": [],
      "name": "overallTime",
      "taskName": "default@PreviewUpdateAssets",
      "taskPath": "entry",
      "workerId": -1,
      "startTime": 1721187471056
    },
    {
      "type": "build_line",
      "endTime": 1721187474258,
      "status": "closed",
      "children": [],
      "name": "overallTime",
      "taskName": "default@PreviewArkTS",
      "taskPath": "entry",
      "workerId": -1,
      "startTime": 1721187471059
    },
    {
      "type": "build_line",
      "endTime": 1721187474265,
      "status": "closed",
      "children": [],
      "name": "overallTime",
      "taskName": "PreviewBuild",
      "taskPath": "entry",
      "workerId": -1,
      "startTime": 1721187474265
    }
  ]
}