{":Log_in_page:entry:default@PreBuild":{"_inputs":[{"dataType":"ValueEntry","value":"{\"_name\":\"BUILTIN_TASK_COMMAND\",\"_value\":\"\",\"_valueType\":\"string\",\"_hash\":\"0b5d05294fdf4e78e8482ef53eb64ac0\"}"},{"dataType":"ValueEntry","value":"{\"_name\":\"BUILTIN_TASK_ENV\",\"_value\":\"\",\"_valueType\":\"string\",\"_hash\":\"cdcdc2ec8062ca9ec1de46dbf2bbc053\"}"},{"dataType":"ValueEntry","value":"{\"_name\":\"BUILTIN_TASK_TOOLCHAIN\",\"_value\":\"\",\"_valueType\":\"string\",\"_hash\":\"e7f94a9422a8bc317a7d90b58efcb5f6\"}"},{"dataType":"ValueEntry","value":"{\"_name\":\"apiType\",\"_value\":\"stageMode\",\"_valueType\":\"string\",\"_hash\":\"699c7565645ea3ea8c88551a4926a3d5\"}"},{"dataType":"ValueEntry","value":"{\"_name\":\"codeType\",\"_value\":true,\"_valueType\":\"boolean\",\"_hash\":\"d6dcf21a9f078b661283507536e57ce8\"}"},{"dataType":"ValueEntry","value":"{\"_name\":\"compatibleApiVersion\",\"_value\":9,\"_valueType\":\"number\",\"_hash\":\"8f14da7cda665d5f6676adf8a127634f\"}"},{"dataType":"ValueEntry","value":"{\"_name\":\"compileApiVersion\",\"_value\":9,\"_valueType\":\"number\",\"_hash\":\"cdd5413832c7470f85f225c67a87a683\"}"},{"dataType":"ValueEntry","value":"{\"_name\":\"customTypes\",\"_value\":\"\",\"_valueType\":\"string\",\"_hash\":\"970a2695bffac1c5a4fa283dc36050e3\"}"},{"dataType":"ValueEntry","value":"{\"_name\":\"deviceType\",\"_value\":[\"default\"],\"_valueType\":\"object\",\"_hash\":\"251621b3aa815def41be8cbfc1a421e2\"}"},{"dataType":"ValueEntry","value":"{\"_name\":\"isSupportOhpmProj\",\"_value\":true,\"_valueType\":\"boolean\",\"_hash\":\"f3a249d7e3f751316e931b8a08b074b4\"}"},{"dataType":"ValueEntry","value":"{\"_name\":\"profileModuleName\",\"_value\":\"entry\",\"_valueType\":\"string\",\"_hash\":\"b174ea6ff5824844dde5ad92f6b3ef2b\"}"},{"dataType":"ValueEntry","value":"{\"_name\":\"sdkToolchainsComponentVersion\",\"_value\":\"3.2.3.6\",\"_valueType\":\"string\",\"_hash\":\"83f7d8c8367eae284c2544b1588e5068\"}"},{"dataType":"ValueEntry","value":"{\"_name\":\"targetStatusCode\",\"_value\":2,\"_valueType\":\"number\",\"_hash\":\"5a9255c0f4ee50904a9349ebafca8369\"}"}],"_successful":true,"_projectName":"Log_in_page","_moduleName":"entry","_taskName":"default@PreBuild","_key":":Log_in_page:entry:default@PreBuild","_executionId":":Log_in_page:entry:default@PreBuild:1721271332455","_inputFiles":{"dataType":"Map","value":[["C:\\Users\\HP\\Desktop\\Log_in_page\\AppScope\\app.json5",{"isDirectory":false,"fileSnapShotHashValue":"559b56d0fb7158a663a9840f9ddf02e3"}],["C:\\Users\\HP\\Desktop\\Log_in_page\\entry\\src\\main\\module.json5",{"isDirectory":false,"fileSnapShotHashValue":"269ef63066761c8715507738c59388ad"}],["C:\\Users\\HP\\Desktop\\Log_in_page\\entry\\src\\main\\resources\\base\\profile\\main_pages.json",{"fileSnapShotHashValue":"19b5825faf10529ac744a0065e43da7d"}],["C:\\Users\\HP\\Desktop\\Log_in_page\\entry\\oh-package.json5",{"fileSnapShotHashValue":"1a7e84c6d0fab00b239cb26dbbd701dc"}]]},"_outputFiles":{"dataType":"Map","value":[]}},":Log_in_page:entry:default@MergeProfile":{"_inputs":[{"dataType":"ValueEntry","value":"{\"_name\":\"BUILTIN_TASK_COMMAND\",\"_value\":\"\",\"_valueType\":\"string\",\"_hash\":\"0b5d05294fdf4e78e8482ef53eb64ac0\"}"},{"dataType":"ValueEntry","value":"{\"_name\":\"BUILTIN_TASK_ENV\",\"_value\":\"\",\"_valueType\":\"string\",\"_hash\":\"cdcdc2ec8062ca9ec1de46dbf2bbc053\"}"},{"dataType":"ValueEntry","value":"{\"_name\":\"BUILTIN_TASK_TOOLCHAIN\",\"_value\":\"\",\"_valueType\":\"string\",\"_hash\":\"e7f94a9422a8bc317a7d90b58efcb5f6\"}"},{"dataType":"ValueEntry","value":"{\"_name\":\"asanEnable\",\"_value\":false,\"_valueType\":\"boolean\",\"_hash\":\"bc2129ba20a21b7e5234139ede1b4d7b\"}"},{"dataType":"ValueEntry","value":"{\"_name\":\"buildRoot\",\"_value\":\".preview\",\"_valueType\":\"string\",\"_hash\":\"88e9a315669657b02bc470a13f92befe\"}"},{"dataType":"ValueEntry","value":"{\"_name\":\"compatibleSdkVersion\",\"_value\":9,\"_valueType\":\"number\",\"_hash\":\"789a8631987a2e2b1a03b001c78d0180\"}"},{"dataType":"ValueEntry","value":"{\"_name\":\"isDebug\",\"_value\":true,\"_valueType\":\"boolean\",\"_hash\":\"edbf05a2d2be2c385e75d9565a48d419\"}"},{"dataType":"ValueEntry","value":"{\"_name\":\"isHarModule\",\"_value\":false,\"_valueType\":\"boolean\",\"_hash\":\"a15b7a3ed818faa99a4a10d67f52cb72\"}"},{"dataType":"ValueEntry","value":"{\"_name\":\"multiProjects\",\"_value\":false,\"_valueType\":\"boolean\",\"_hash\":\"555604752defc243b4e4c55d1549fc06\"}"},{"dataType":"ValueEntry","value":"{\"_name\":\"releaseType\",\"_value\":\"Release\",\"_valueType\":\"string\",\"_hash\":\"bbcabdda034e97584f8c36f85b3ec517\"}"},{"dataType":"ValueEntry","value":"{\"_name\":\"targetSdkVersion\",\"_value\":9,\"_valueType\":\"number\",\"_hash\":\"09b2bdc967d8b97f7b9bf4f19735497e\"}"}],"_successful":true,"_projectName":"Log_in_page","_moduleName":"entry","_taskName":"default@MergeProfile","_key":":Log_in_page:entry:default@MergeProfile","_executionId":":Log_in_page:entry:default@MergeProfile:1721267191181","_inputFiles":{"dataType":"Map","value":[["C:\\Users\\HP\\Desktop\\Log_in_page\\AppScope\\app.json5",{"fileSnapShotHashValue":"559b56d0fb7158a663a9840f9ddf02e3"}],["C:\\Users\\HP\\Desktop\\Log_in_page\\entry\\src\\main\\module.json5",{"fileSnapShotHashValue":"269ef63066761c8715507738c59388ad"}]]},"_outputFiles":{"dataType":"Map","value":[["C:\\Users\\HP\\Desktop\\Log_in_page\\entry\\.preview\\default\\intermediates\\merge_profile\\default\\module.json",{"fileSnapShotHashValue":"5ce4dcd4104e0052be88de604eafea30"}]]}},":Log_in_page:entry:default@GenerateLoaderJson":{"_inputs":[{"dataType":"ValueEntry","value":"{\"_name\":\"BUILTIN_TASK_COMMAND\",\"_value\":\"\",\"_valueType\":\"string\",\"_hash\":\"0b5d05294fdf4e78e8482ef53eb64ac0\"}"},{"dataType":"ValueEntry","value":"{\"_name\":\"BUILTIN_TASK_ENV\",\"_value\":\"\",\"_valueType\":\"string\",\"_hash\":\"cdcdc2ec8062ca9ec1de46dbf2bbc053\"}"},{"dataType":"ValueEntry","value":"{\"_name\":\"BUILTIN_TASK_TOOLCHAIN\",\"_value\":\"\",\"_valueType\":\"string\",\"_hash\":\"e7f94a9422a8bc317a7d90b58efcb5f6\"}"},{"dataType":"ValueEntry","value":"{\"_name\":\"anBuildMode\",\"_value\":\"\",\"_valueType\":\"string\",\"_hash\":\"29adec6ce7dc237883d9afa1bf4d305c\"}"},{"dataType":"ValueEntry","value":"{\"_name\":\"apPath\",\"_value\":\"\",\"_valueType\":\"string\",\"_hash\":\"dabe59b8be9f1396c43dc319521a0027\"}"},{"dataType":"ValueEntry","value":"{\"_name\":\"compileMode\",\"_value\":\"esmodule\",\"_valueType\":\"string\",\"_hash\":\"dacafc8e0b77a950178a0b4d142dc32c\"}"},{"dataType":"ValueEntry","value":"{\"_name\":\"fallbackAnBuild\",\"_value\":false,\"_valueType\":\"boolean\",\"_hash\":\"a63e98bb3f368ced6ed4d5579ea7ca39\"}"},{"dataType":"ValueEntry","value":"{\"_name\":\"harNameOhmMap\",\"_value\":\"{}\",\"_valueType\":\"string\",\"_hash\":\"0faf006bccbcdc2c7f04ff2d8c87894f\"}"},{"dataType":"ValueEntry","value":"{\"_name\":\"modulePathMap\",\"_value\":\"{\\\"entry\\\":\\\"C:\\\\\\\\Users\\\\\\\\HP\\\\\\\\Desktop\\\\\\\\Log_in_page\\\\\\\\entry\\\"}\",\"_valueType\":\"string\",\"_hash\":\"dd9941e1f89a88a7318f14ab53428edc\"}"},{"dataType":"ValueEntry","value":"{\"_name\":\"nodeModulesPath\",\"_value\":\"C:\\\\Users\\\\HP\\\\Desktop\\\\Log_in_page\\\\entry\\\\.preview\\\\default\\\\intermediates\\\\loader_out\\\\default\\\\node_modules\",\"_valueType\":\"string\",\"_hash\":\"e86d178693bd60002008bb41ed48a8db\"}"},{"dataType":"ValueEntry","value":"{\"_name\":\"projectRootPath\",\"_value\":\"C:\\\\Users\\\\HP\\\\Desktop\\\\Log_in_page\",\"_valueType\":\"string\",\"_hash\":\"cb2c1e5abbd53bc14e262e1cb05ac138\"}"},{"dataType":"ValueEntry","value":"{\"_name\":\"targetConfig\",\"_value\":\"{\\\"name\\\":\\\"default\\\",\\\"runtimeOS\\\":\\\"HarmonyOS\\\"}\",\"_valueType\":\"string\",\"_hash\":\"96bcd83382fb082c731eedf7bc0cf1dc\"}"}],"_successful":true,"_projectName":"Log_in_page","_moduleName":"entry","_taskName":"default@GenerateLoaderJson","_key":":Log_in_page:entry:default@GenerateLoaderJson","_executionId":":Log_in_page:entry:default@GenerateLoaderJson:1721267191185","_inputFiles":{"dataType":"Map","value":[]},"_outputFiles":{"dataType":"Map","value":[["C:\\Users\\HP\\Desktop\\Log_in_page\\entry\\.preview\\default\\intermediates\\loader\\default\\loader.json",{"isDirectory":false,"fileSnapShotHashValue":"6ce4c52e43c293fde01dc581922394c7"}]]}},":Log_in_page:entry:default@ProcessProfile":{"_inputs":[{"dataType":"ValueEntry","value":"{\"_name\":\"BUILTIN_TASK_COMMAND\",\"_value\":\"\",\"_valueType\":\"string\",\"_hash\":\"0b5d05294fdf4e78e8482ef53eb64ac0\"}"},{"dataType":"ValueEntry","value":"{\"_name\":\"BUILTIN_TASK_ENV\",\"_value\":\"\",\"_valueType\":\"string\",\"_hash\":\"cdcdc2ec8062ca9ec1de46dbf2bbc053\"}"},{"dataType":"ValueEntry","value":"{\"_name\":\"BUILTIN_TASK_TOOLCHAIN\",\"_value\":\"\",\"_valueType\":\"string\",\"_hash\":\"e7f94a9422a8bc317a7d90b58efcb5f6\"}"},{"dataType":"ValueEntry","value":"{\"_name\":\"arkEnable\",\"_value\":true,\"_valueType\":\"boolean\",\"_hash\":\"750b4bda198545a67903dfb3f6a00a95\"}"},{"dataType":"ValueEntry","value":"{\"_name\":\"compileMode\",\"_value\":\"esmodule\",\"_valueType\":\"string\",\"_hash\":\"dacafc8e0b77a950178a0b4d142dc32c\"}"},{"dataType":"ValueEntry","value":"{\"_name\":\"dependency\",\"_value\":\"[]\",\"_valueType\":\"string\",\"_hash\":\"ac54f3d4ced2d4c1d666d40e4f7c454a\"}"},{"dataType":"ValueEntry","value":"{\"_name\":\"deviceTypes\",\"_value\":[\"default\"],\"_valueType\":\"object\",\"_hash\":\"a011e14018d30eaaa9aadcb99f2c07e3\"}"}],"_successful":true,"_projectName":"Log_in_page","_moduleName":"entry","_taskName":"default@ProcessProfile","_key":":Log_in_page:entry:default@ProcessProfile","_executionId":":Log_in_page:entry:default@ProcessProfile:1721267191191","_inputFiles":{"dataType":"Map","value":[["C:\\Users\\HP\\Desktop\\Log_in_page\\entry\\.preview\\default\\intermediates\\merge_profile\\default\\module.json",{"fileSnapShotHashValue":"5ce4dcd4104e0052be88de604eafea30"}]]},"_outputFiles":{"dataType":"Map","value":[["C:\\Users\\HP\\Desktop\\Log_in_page\\entry\\.preview\\default\\intermediates\\process_profile\\default\\module.json",{"fileSnapShotHashValue":"dabb5e2798fccf04a7c6fe50ef29e35b"}]]}},":Log_in_page:entry:default@PreviewProcessResource":{"_inputs":[{"dataType":"ValueEntry","value":"{\"_name\":\"previewCompileResourcesCommand\",\"_value\":\"{\\\"commandList\\\":[\\\"D:\\\\\\\\huawei\\\\\\\\devecostudio-windows-4.0.0.600\\\\\\\\openharmony\\\\\\\\9\\\\\\\\toolchains\\\\\\\\restool.exe\\\",\\\"-m\\\",\\\"entry\\\",\\\"-f\\\",\\\"-j\\\",\\\"C:\\\\\\\\Users\\\\\\\\HP\\\\\\\\Desktop\\\\\\\\Log_in_page\\\\\\\\entry\\\\\\\\.preview\\\\\\\\default\\\\\\\\intermediates\\\\\\\\process_profile\\\\\\\\default\\\\\\\\module.json\\\",\\\"-p\\\",\\\"com.example.log_in_page\\\",\\\"-o\\\",\\\"C:\\\\\\\\Users\\\\\\\\HP\\\\\\\\Desktop\\\\\\\\Log_in_page\\\\\\\\entry\\\\\\\\.preview\\\\\\\\default\\\\\\\\intermediates\\\\\\\\res\\\\\\\\default\\\",\\\"-r\\\",\\\"C:\\\\\\\\Users\\\\\\\\HP\\\\\\\\Desktop\\\\\\\\Log_in_page\\\\\\\\entry\\\\\\\\.preview\\\\\\\\default\\\\\\\\generated\\\\\\\\r\\\\\\\\default\\\\\\\\ResourceTable.h\\\"],\\\"inputFiles\\\":{\\\"_group\\\":{}},\\\"outputFiles\\\":{\\\"_group\\\":{}},\\\"existsResourceDir\\\":true,\\\"restoolLinkParamObj\\\":{\\\"appScopeResources\\\":\\\"C:\\\\\\\\Users\\\\\\\\HP\\\\\\\\Desktop\\\\\\\\Log_in_page\\\\\\\\AppScope\\\\\\\\resources\\\",\\\"moduleResourcesMap\\\":{},\\\"harResourcesMap\\\":{},\\\"outputPath\\\":\\\"C:\\\\\\\\Users\\\\\\\\HP\\\\\\\\Desktop\\\\\\\\Log_in_page\\\\\\\\entry\\\\\\\\.preview\\\\\\\\default\\\\\\\\intermediates\\\\\\\\res\\\\\\\\default\\\",\\\"linkCommand\\\":[\\\"D:\\\\\\\\huawei\\\\\\\\devecostudio-windows-4.0.0.600\\\\\\\\openharmony\\\\\\\\9\\\\\\\\toolchains\\\\\\\\restool.exe\\\",\\\"-m\\\",\\\"entry\\\",\\\"-f\\\",\\\"-j\\\",\\\"C:\\\\\\\\Users\\\\\\\\HP\\\\\\\\Desktop\\\\\\\\Log_in_page\\\\\\\\entry\\\\\\\\.preview\\\\\\\\default\\\\\\\\intermediates\\\\\\\\process_profile\\\\\\\\default\\\\\\\\module.json\\\",\\\"-p\\\",\\\"com.example.log_in_page\\\",\\\"-r\\\",\\\"C:\\\\\\\\Users\\\\\\\\HP\\\\\\\\Desktop\\\\\\\\Log_in_page\\\\\\\\entry\\\\\\\\.preview\\\\\\\\default\\\\\\\\generated\\\\\\\\r\\\\\\\\default\\\\\\\\ResourceTable.h\\\",\\\"-z\\\"]}}\",\"_valueType\":\"string\"}"},{"dataType":"ValueEntry","value":"{\"_name\":\"BUILTIN_TASK_COMMAND\",\"_value\":\"\",\"_valueType\":\"string\"}"},{"dataType":"ValueEntry","value":"{\"_name\":\"BUILTIN_TASK_TOOLCHAIN\",\"_value\":\"\",\"_valueType\":\"string\"}"},{"dataType":"ValueEntry","value":"{\"_name\":\"BUILTIN_TASK_ENV\",\"_value\":\"\",\"_valueType\":\"string\"}"}],"_successful":true,"_projectName":"Log_in_page","_moduleName":"entry","_taskName":"default@PreviewProcessResource","_key":":Log_in_page:entry:default@PreviewProcessResource","_executionId":":Log_in_page:entry:default@PreviewProcessResource:1721272435076","_inputFiles":{"dataType":"Map","value":[]},"_outputFiles":{"dataType":"Map","value":[["{\"commandList\":[\"D:\\\\huawei\\\\devecostudio-windows-4.0.0.600\\\\openharmony\\\\9\\\\toolchains\\\\restool.exe\",\"-m\",\"entry\",\"-f\",\"-j\",\"C:\\\\Users\\\\HP\\\\Desktop\\\\Log_in_page\\\\entry\\\\.preview\\\\default\\\\intermediates\\\\process_profile\\\\default\\\\module.json\",\"-p\",\"com.example.log_in_page\",\"-o\",\"C:\\\\Users\\\\HP\\\\Desktop\\\\Log_in_page\\\\entry\\\\.preview\\\\default\\\\intermediates\\\\res\\\\default\",\"-r\",\"C:\\\\Users\\\\HP\\\\Desktop\\\\Log_in_page\\\\entry\\\\.preview\\\\default\\\\generated\\\\r\\\\default\\\\ResourceTable.h\"],\"inputFiles\":{\"_group\":{}},\"outputFiles\":{\"_group\":{}},\"existsResourceDir\":true,\"restoolLinkParamObj\":{\"appScopeResources\":\"C:\\\\Users\\\\HP\\\\Desktop\\\\Log_in_page\\\\AppScope\\\\resources\",\"moduleResourcesMap\":{},\"harResourcesMap\":{},\"outputPath\":\"C:\\\\Users\\\\HP\\\\Desktop\\\\Log_in_page\\\\entry\\\\.preview\\\\default\\\\intermediates\\\\res\\\\default\",\"linkCommand\":[\"D:\\\\huawei\\\\devecostudio-windows-4.0.0.600\\\\openharmony\\\\9\\\\toolchains\\\\restool.exe\",\"-m\",\"entry\",\"-f\",\"-j\",\"C:\\\\Users\\\\HP\\\\Desktop\\\\Log_in_page\\\\entry\\\\.preview\\\\default\\\\intermediates\\\\process_profile\\\\default\\\\module.json\",\"-p\",\"com.example.log_in_page\",\"-r\",\"C:\\\\Users\\\\HP\\\\Desktop\\\\Log_in_page\\\\entry\\\\.preview\\\\default\\\\generated\\\\r\\\\default\\\\ResourceTable.h\",\"-z\"]}}",{"isDirectory":false,"fileSnapShotHashValue":""}]]}},":Log_in_page:entry:default@PreviewCompileResource":{"_inputs":[{"dataType":"ValueEntry","value":"{\"_name\":\"PREVIEWER_REPLACE_PAGE\",\"_valueType\":\"undefined\"}"},{"dataType":"ValueEntry","value":"{\"_name\":\"PREVIEWER_REPLACE_SRCPATH\",\"_valueType\":\"undefined\"}"},{"dataType":"ValueEntry","value":"{\"_name\":\"TARGET_CONFIG\",\"_value\":\"{\\\"name\\\":\\\"default\\\",\\\"runtimeOS\\\":\\\"HarmonyOS\\\"}\",\"_valueType\":\"string\"}"},{"dataType":"ValueEntry","value":"{\"_name\":\"BUILTIN_TASK_COMMAND\",\"_value\":\"\",\"_valueType\":\"string\"}"},{"dataType":"ValueEntry","value":"{\"_name\":\"BUILTIN_TASK_TOOLCHAIN\",\"_value\":\"D:\\\\huawei\\\\devecostudio-windows-4.0.0.600\\\\openharmony\\\\9\\\\toolchains\\\\restool.exe\",\"_valueType\":\"string\"}"},{"dataType":"ValueEntry","value":"{\"_name\":\"BUILTIN_TASK_ENV\",\"_value\":\"\",\"_valueType\":\"string\"}"}],"_successful":true,"_projectName":"Log_in_page","_moduleName":"entry","_taskName":"default@PreviewCompileResource","_key":":Log_in_page:entry:default@PreviewCompileResource","_executionId":":Log_in_page:entry:default@PreviewCompileResource:1721272435076","_inputFiles":{"dataType":"Map","value":[["C:\\Users\\HP\\Desktop\\Log_in_page\\entry\\src\\main\\resources",{"fileSnapShotHashValue":"e051bdf84c270063c2b362ff8037bf54"}],["C:\\Users\\HP\\Desktop\\Log_in_page\\AppScope\\resources",{"fileSnapShotHashValue":"d4539cc0dce7ae173c311a9aae7cedfe"}],["C:\\Users\\HP\\Desktop\\Log_in_page\\entry\\.preview\\default\\intermediates\\process_profile\\default\\module.json",{"isDirectory":false,"fileSnapShotHashValue":"dabb5e2798fccf04a7c6fe50ef29e35b"}]]},"_outputFiles":{"dataType":"Map","value":[["C:\\Users\\HP\\Desktop\\Log_in_page\\entry\\.preview\\default\\intermediates\\res\\default",{"isDirectory":true,"fileSnapShotHashValue":"4573f70c3238b34f6d68891b57a7a15a"}],["C:\\Users\\HP\\Desktop\\Log_in_page\\entry\\.preview\\default\\generated\\r\\default\\ResourceTable.h",{"isDirectory":false,"fileSnapShotHashValue":"8550e2fc4e9ab517d58f2ccaa8fe6742"}],["C:\\Users\\HP\\Desktop\\Log_in_page\\entry\\.preview\\default\\generated\\r\\default",{"isDirectory":true,"fileSnapShotHashValue":"86d9656505e41b9e0df95e5d288f649b"}]]}},":Log_in_page:entry:default@PreviewUpdateAssets":{"_inputs":[{"dataType":"ValueEntry","value":"{\"_name\":\"BUILTIN_TASK_COMMAND\",\"_value\":\"\",\"_valueType\":\"string\"}"},{"dataType":"ValueEntry","value":"{\"_name\":\"BUILTIN_TASK_TOOLCHAIN\",\"_value\":\"\",\"_valueType\":\"string\"}"},{"dataType":"ValueEntry","value":"{\"_name\":\"BUILTIN_TASK_ENV\",\"_value\":\"\",\"_valueType\":\"string\"}"}],"_successful":true,"_projectName":"Log_in_page","_moduleName":"entry","_taskName":"default@PreviewUpdateAssets","_key":":Log_in_page:entry:default@PreviewUpdateAssets","_executionId":":Log_in_page:entry:default@PreviewUpdateAssets:1721272435562","_inputFiles":{"dataType":"Map","value":[["C:\\Users\\HP\\Desktop\\Log_in_page\\entry\\.preview\\config\\buildConfig.json",{"isDirectory":false,"fileSnapShotHashValue":"e05987e63fc39027d300051d38b69e39"}]]},"_outputFiles":{"dataType":"Map","value":[["C:\\Users\\HP\\Desktop\\Log_in_page\\entry\\.preview\\default\\intermediates\\res\\default\\module.json",{"isDirectory":false,"fileSnapShotHashValue":"970662d241cb7063c467140fa49c341f"}],["C:\\Users\\HP\\Desktop\\Log_in_page\\entry\\.preview\\default\\intermediates\\res\\default\\resources\\base\\profile\\main_pages.json",{"isDirectory":false,"fileSnapShotHashValue":"433e6413a647eba274ba660fcd4ca479"}]]}},":Log_in_page:entry:default@PreviewArkTS":{"_inputs":[{"dataType":"ValueEntry","value":"{\"_name\":\"debuggable\",\"_value\":true,\"_valueType\":\"boolean\"}"},{"dataType":"ValueEntry","value":"{\"_name\":\"isArk\",\"_value\":true,\"_valueType\":\"boolean\"}"},{"dataType":"ValueEntry","value":"{\"_name\":\"needCoverageInsert\",\"_value\":false,\"_valueType\":\"boolean\"}"},{"dataType":"ValueEntry","value":"{\"_name\":\"customTypes\",\"_value\":\"\",\"_valueType\":\"string\"}"},{"dataType":"ValueEntry","value":"{\"_name\":\"arkTsWdiget\",\"_value\":false,\"_valueType\":\"boolean\"}"},{"dataType":"ValueEntry","value":"{\"_name\":\"OBFUSCATION_ENABLE\",\"_value\":\"undefined\",\"_valueType\":\"string\"}"},{"dataType":"ValueEntry","value":"{\"_name\":\"BUILTIN_TASK_COMMAND\",\"_value\":\"\",\"_valueType\":\"string\"}"},{"dataType":"ValueEntry","value":"{\"_name\":\"BUILTIN_TASK_TOOLCHAIN\",\"_value\":\"\",\"_valueType\":\"string\"}"},{"dataType":"ValueEntry","value":"{\"_name\":\"BUILTIN_TASK_ENV\",\"_value\":\"\",\"_valueType\":\"string\"}"}],"_successful":false,"_projectName":"Log_in_page","_moduleName":"entry","_taskName":"default@PreviewArkTS","_key":":Log_in_page:entry:default@PreviewArkTS","_executionId":":Log_in_page:entry:default@PreviewArkTS:1721272435566","_inputFiles":{"dataType":"Map","value":[["C:\\Users\\HP\\Desktop\\Log_in_page\\entry\\.preview\\default\\intermediates\\loader\\default",{"isDirectory":true,"fileSnapShotHashValue":"ab5ce9898fd79425beec5a29a65cc737"}],["C:\\Users\\HP\\Desktop\\Log_in_page\\entry\\.preview\\default\\intermediates\\res\\default\\ResourceTable.txt",{"fileSnapShotHashValue":"0e6d25ad47e910baaada859a610b78b8"}],["C:\\Users\\HP\\Desktop\\Log_in_page\\entry\\.preview\\default\\intermediates\\res\\default\\module.json",{"fileSnapShotHashValue":"970662d241cb7063c467140fa49c341f"}],["C:\\Users\\HP\\Desktop\\Log_in_page\\entry\\.preview\\default\\intermediates\\res\\default\\resources\\base\\profile",{"isDirectory":true,"fileSnapShotHashValue":"f3532a3f38025782e21744412640404d"}],["C:\\Users\\HP\\Desktop\\Log_in_page\\entry\\src\\main\\ets",{"isDirectory":true,"fileSnapShotHashValue":"47255342991a029491d86908ab95a656"}]]},"_outputFiles":{"dataType":"Map","value":[["C:\\Users\\HP\\Desktop\\Log_in_page\\entry\\.preview\\default\\intermediates\\loader_out\\default\\ets",{"isDirectory":true,"fileSnapShotHashValue":""}]]}},":Log_in_page:entry:default@GenerateMetadata":{"_inputs":[{"dataType":"ValueEntry","value":"{\"_name\":\"BUILTIN_TASK_COMMAND\",\"_value\":\"\",\"_valueType\":\"string\"}"},{"dataType":"ValueEntry","value":"{\"_name\":\"BUILTIN_TASK_ENV\",\"_value\":\"\",\"_valueType\":\"string\"}"},{"dataType":"ValueEntry","value":"{\"_name\":\"BUILTIN_TASK_TOOLCHAIN\",\"_value\":\"\",\"_valueType\":\"string\"}"},{"dataType":"ValueEntry","value":"{\"_name\":\"entryModules\",\"_value\":[],\"_valueType\":\"object\"}"},{"dataType":"ValueEntry","value":"{\"_name\":\"existMaterial\",\"_value\":true,\"_valueType\":\"boolean\"}"},{"dataType":"ValueEntry","value":"{\"_name\":\"existSigningConfig\",\"_value\":true,\"_valueType\":\"boolean\"}"},{"dataType":"ValueEntry","value":"{\"_name\":\"moduleDeviceType\",\"_value\":[\"default\"],\"_valueType\":\"object\"}"},{"dataType":"ValueEntry","value":"{\"_name\":\"product\",\"_value\":\"default\",\"_valueType\":\"string\"}"},{"dataType":"ValueEntry","value":"{\"_name\":\"sdkToolchainsComponentVersion\",\"_value\":\"3.2.3.6\",\"_valueType\":\"string\"}"},{"dataType":"ValueEntry","value":"{\"_name\":\"signingConfig_keyAlias\",\"_value\":\"debugKey\",\"_valueType\":\"string\"}"},{"dataType":"ValueEntry","value":"{\"_name\":\"signingConfig_keyPassword\",\"_value\":\"0000001B8507543C29E692C009B88B81B7A55A80689B188A86B9DDEDBBC0316F46D23C702234F824C4FB7B\",\"_valueType\":\"string\"}"},{"dataType":"ValueEntry","value":"{\"_name\":\"signingConfig_name\",\"_value\":\"default\",\"_valueType\":\"string\"}"},{"dataType":"ValueEntry","value":"{\"_name\":\"signingConfig_signAlg\",\"_value\":\"SHA256withECDSA\",\"_valueType\":\"string\"}"},{"dataType":"ValueEntry","value":"{\"_name\":\"signingConfig_storePassword\",\"_value\":\"0000001B5D7BFD4FB9C03D8295E18B697DFD8764B1C79D94108BDCADBB1606B6F437C0C2EBDE7E2218E03F\",\"_valueType\":\"string\"}"},{"dataType":"ValueEntry","value":"{\"_name\":\"signingConfig_type\",\"_value\":\"HarmonyOS\",\"_valueType\":\"string\"}"},{"dataType":"ValueEntry","value":"{\"_name\":\"targetConfig\",\"_value\":\"{\\\"name\\\":\\\"default\\\",\\\"runtimeOS\\\":\\\"HarmonyOS\\\"}\",\"_valueType\":\"string\"}"}],"_successful":true,"_projectName":"Log_in_page","_moduleName":"entry","_taskName":"default@GenerateMetadata","_key":":Log_in_page:entry:default@GenerateMetadata","_executionId":":Log_in_page:entry:default@GenerateMetadata:1721195355326","_inputFiles":{"dataType":"Map","value":[["D:\\01_victor\\02victor_chen\\09_hongmeng\\A_new_day\\Log_in_page\\entry\\src\\main\\module.json5",{"fileSnapShotHashValue":"0cd920342626cc20466a8e0fa309db84"}]]},"_outputFiles":{"dataType":"Map","value":[["D:\\01_victor\\02victor_chen\\09_hongmeng\\A_new_day\\Log_in_page\\entry\\build\\default\\intermediates\\hap_metadata\\default\\output_metadata.json",{"fileSnapShotHashValue":"d1d70f8076198cb5f72ec80110b32c83"}]]}},":Log_in_page:entry:default@MakePackInfo":{"_inputs":[{"dataType":"ValueEntry","value":"{\"_name\":\"BUILTIN_TASK_COMMAND\",\"_value\":\"\",\"_valueType\":\"string\"}"},{"dataType":"ValueEntry","value":"{\"_name\":\"BUILTIN_TASK_ENV\",\"_value\":\"\",\"_valueType\":\"string\"}"},{"dataType":"ValueEntry","value":"{\"_name\":\"BUILTIN_TASK_TOOLCHAIN\",\"_value\":\"\",\"_valueType\":\"string\"}"},{"dataType":"ValueEntry","value":"{\"_name\":\"compatibleSdkVersion\",\"_value\":9,\"_valueType\":\"number\"}"},{"dataType":"ValueEntry","value":"{\"_name\":\"compileSdkVersion\",\"_value\":9,\"_valueType\":\"number\"}"},{"dataType":"ValueEntry","value":"{\"_name\":\"deviceTypes\",\"_value\":[\"default\"],\"_valueType\":\"object\"}"},{"dataType":"ValueEntry","value":"{\"_name\":\"releaseType\",\"_value\":\"Release\",\"_valueType\":\"string\"}"}],"_successful":true,"_projectName":"Log_in_page","_moduleName":"entry","_taskName":"default@MakePackInfo","_key":":Log_in_page:entry:default@MakePackInfo","_executionId":":Log_in_page:entry:default@MakePackInfo:1721195303709","_inputFiles":{"dataType":"Map","value":[["D:\\01_victor\\02victor_chen\\09_hongmeng\\A_new_day\\Log_in_page\\AppScope\\app.json5",{"fileSnapShotHashValue":"9bc63c4ff3f38bab385e31623f336c78"}],["D:\\01_victor\\02victor_chen\\09_hongmeng\\A_new_day\\Log_in_page\\entry\\src\\main\\module.json5",{"fileSnapShotHashValue":"0cd920342626cc20466a8e0fa309db84"}]]},"_outputFiles":{"dataType":"Map","value":[["D:\\01_victor\\02victor_chen\\09_hongmeng\\A_new_day\\Log_in_page\\entry\\build\\default\\outputs\\default\\pack.info",{"fileSnapShotHashValue":"41708f3b45714ecd3538f35e9d1ccd48"}]]}},":Log_in_page:entry:default@ProcessResource":{"_inputs":[{"dataType":"ValueEntry","value":"{\"_name\":\"BUILTIN_TASK_COMMAND\",\"_value\":\"\",\"_valueType\":\"string\"}"},{"dataType":"ValueEntry","value":"{\"_name\":\"BUILTIN_TASK_ENV\",\"_value\":\"\",\"_valueType\":\"string\"}"},{"dataType":"ValueEntry","value":"{\"_name\":\"BUILTIN_TASK_TOOLCHAIN\",\"_value\":\"\",\"_valueType\":\"string\"}"},{"dataType":"ValueEntry","value":"{\"_name\":\"resConfigJsonContent\",\"_value\":\"{\\\"configPath\\\":\\\"D:\\\\\\\\01_victor\\\\\\\\02victor_chen\\\\\\\\09_hongmeng\\\\\\\\A_new_day\\\\\\\\Log_in_page\\\\\\\\entry\\\\\\\\build\\\\\\\\default\\\\\\\\intermediates\\\\\\\\process_profile\\\\\\\\default\\\\\\\\module.json\\\",\\\"packageName\\\":\\\"com.example.log_in_page\\\",\\\"output\\\":\\\"D:\\\\\\\\01_victor\\\\\\\\02victor_chen\\\\\\\\09_hongmeng\\\\\\\\A_new_day\\\\\\\\Log_in_page\\\\\\\\entry\\\\\\\\build\\\\\\\\default\\\\\\\\intermediates\\\\\\\\res\\\\\\\\default\\\",\\\"moduleNames\\\":\\\"entry\\\",\\\"ResourceTable\\\":[\\\"D:\\\\\\\\01_victor\\\\\\\\02victor_chen\\\\\\\\09_hongmeng\\\\\\\\A_new_day\\\\\\\\Log_in_page\\\\\\\\entry\\\\\\\\build\\\\\\\\default\\\\\\\\generated\\\\\\\\r\\\\\\\\default\\\\\\\\ResourceTable.h\\\"],\\\"applicationResource\\\":\\\"D:\\\\\\\\01_victor\\\\\\\\02victor_chen\\\\\\\\09_hongmeng\\\\\\\\A_new_day\\\\\\\\Log_in_page\\\\\\\\AppScope\\\\\\\\resources\\\",\\\"moduleResources\\\":[\\\"D:\\\\\\\\01_victor\\\\\\\\02victor_chen\\\\\\\\09_hongmeng\\\\\\\\A_new_day\\\\\\\\Log_in_page\\\\\\\\entry\\\\\\\\src\\\\\\\\main\\\\\\\\resources\\\"],\\\"dependencies\\\":[],\\\"iconCheck\\\":false,\\\"ids\\\":\\\"D:\\\\\\\\01_victor\\\\\\\\02victor_chen\\\\\\\\09_hongmeng\\\\\\\\A_new_day\\\\\\\\Log_in_page\\\\\\\\entry\\\\\\\\build\\\\\\\\default\\\\\\\\intermediates\\\\\\\\res\\\\\\\\default\\\\\\\\ids_map\\\",\\\"definedIds\\\":\\\"D:\\\\\\\\01_victor\\\\\\\\02victor_chen\\\\\\\\09_hongmeng\\\\\\\\A_new_day\\\\\\\\Log_in_page\\\\\\\\entry\\\\\\\\build\\\\\\\\default\\\\\\\\intermediates\\\\\\\\res\\\\\\\\default\\\\\\\\ids_map\\\\\\\\id_defined.json\\\"}\",\"_valueType\":\"string\"}"}],"_successful":true,"_projectName":"Log_in_page","_moduleName":"entry","_taskName":"default@ProcessResource","_key":":Log_in_page:entry:default@ProcessResource","_executionId":":Log_in_page:entry:default@ProcessResource:1721195303847","_inputFiles":{"dataType":"Map","value":[]},"_outputFiles":{"dataType":"Map","value":[["D:\\01_victor\\02victor_chen\\09_hongmeng\\A_new_day\\Log_in_page\\entry\\build\\default\\intermediates\\res\\default\\resConfig.json",{"isDirectory":false,"fileSnapShotHashValue":"fa35e46375cdc59a00092abb013f9079"}]]}},":Log_in_page:entry:default@ProcessLibs":{"_inputs":[{"dataType":"ValueEntry","value":"{\"_name\":\"BUILTIN_TASK_COMMAND\",\"_value\":\"\",\"_valueType\":\"string\"}"},{"dataType":"ValueEntry","value":"{\"_name\":\"BUILTIN_TASK_ENV\",\"_value\":\"\",\"_valueType\":\"string\"}"},{"dataType":"ValueEntry","value":"{\"_name\":\"BUILTIN_TASK_TOOLCHAIN\",\"_value\":\"\",\"_valueType\":\"string\"}"}],"_successful":true,"_projectName":"Log_in_page","_moduleName":"entry","_taskName":"default@ProcessLibs","_key":":Log_in_page:entry:default@ProcessLibs","_executionId":":Log_in_page:entry:default@ProcessLibs:1721195303848","_inputFiles":{"dataType":"Map","value":[]},"_outputFiles":{"dataType":"Map","value":[["D:\\01_victor\\02victor_chen\\09_hongmeng\\A_new_day\\Log_in_page\\entry\\build\\default\\intermediates\\libs\\default",{"isDirectory":true,"fileSnapShotHashValue":""}]]}},":Log_in_page:entry:default@CompileResource":{"_inputs":[{"dataType":"ValueEntry","value":"{\"_name\":\"BUILTIN_TASK_COMMAND\",\"_value\":\"D:\\\\02_backup\\\\62_devecostudio\\\\SDK\\\\openharmony\\\\9\\\\toolchains\\\\restool.exe,-l,D:\\\\01_victor\\\\02victor_chen\\\\09_hongmeng\\\\A_new_day\\\\Log_in_page\\\\entry\\\\build\\\\default\\\\intermediates\\\\res\\\\default\\\\resConfig.json\",\"_valueType\":\"string\"}"},{"dataType":"ValueEntry","value":"{\"_name\":\"BUILTIN_TASK_ENV\",\"_value\":\"\",\"_valueType\":\"string\"}"},{"dataType":"ValueEntry","value":"{\"_name\":\"BUILTIN_TASK_TOOLCHAIN\",\"_value\":\"D:\\\\02_backup\\\\62_devecostudio\\\\SDK\\\\openharmony\\\\9\\\\toolchains\\\\restool.exe\",\"_valueType\":\"string\"}"},{"dataType":"ValueEntry","value":"{\"_name\":\"TARGET_CONFIG\",\"_value\":\"{\\\"name\\\":\\\"default\\\",\\\"runtimeOS\\\":\\\"HarmonyOS\\\"}\",\"_valueType\":\"string\"}"}],"_successful":true,"_projectName":"Log_in_page","_moduleName":"entry","_taskName":"default@CompileResource","_key":":Log_in_page:entry:default@CompileResource","_executionId":":Log_in_page:entry:default@CompileResource:1721195403016","_inputFiles":{"dataType":"Map","value":[["D:\\01_victor\\02victor_chen\\09_hongmeng\\A_new_day\\Log_in_page\\entry\\src\\main\\resources",{"fileSnapShotHashValue":"91836bad748dce0efd25783341f175a8"}],["D:\\01_victor\\02victor_chen\\09_hongmeng\\A_new_day\\Log_in_page\\AppScope\\resources",{"fileSnapShotHashValue":"efe9dd8b7198f96a03dc20481e094616"}],["D:\\01_victor\\02victor_chen\\09_hongmeng\\A_new_day\\Log_in_page\\entry\\build\\default\\intermediates\\process_profile\\default\\module.json",{"isDirectory":false,"fileSnapShotHashValue":"9af2904d376f1e56e83ea11c008d82fd"}],["D:\\01_victor\\02victor_chen\\09_hongmeng\\A_new_day\\Log_in_page\\entry\\build\\default\\intermediates\\res\\default\\resConfig.json",{"isDirectory":false,"fileSnapShotHashValue":"fa35e46375cdc59a00092abb013f9079"}]]},"_outputFiles":{"dataType":"Map","value":[["D:\\01_victor\\02victor_chen\\09_hongmeng\\A_new_day\\Log_in_page\\entry\\build\\default\\intermediates\\res\\default",{"isDirectory":true,"fileSnapShotHashValue":"d5dc4aed15e19a910db20c53a3cca17b"}],["D:\\01_victor\\02victor_chen\\09_hongmeng\\A_new_day\\Log_in_page\\entry\\build\\default\\generated\\r\\default\\ResourceTable.h",{"isDirectory":false,"fileSnapShotHashValue":"648292544ee16436cc6ae823e1c766bd"}],["D:\\01_victor\\02victor_chen\\09_hongmeng\\A_new_day\\Log_in_page\\entry\\build\\default\\generated\\r\\default",{"isDirectory":true,"fileSnapShotHashValue":"78de8433a4e72cf07971893797f0c327"}]]}},":Log_in_page:entry:default@CompileArkTS":{"_inputs":[{"dataType":"ValueEntry","value":"{\"_name\":\"debuggable\",\"_value\":true,\"_valueType\":\"boolean\"}"},{"dataType":"ValueEntry","value":"{\"_name\":\"isArk\",\"_value\":true,\"_valueType\":\"boolean\"}"},{"dataType":"ValueEntry","value":"{\"_name\":\"needCoverageInsert\",\"_value\":false,\"_valueType\":\"boolean\"}"},{"dataType":"ValueEntry","value":"{\"_name\":\"customTypes\",\"_value\":\"\",\"_valueType\":\"string\"}"},{"dataType":"ValueEntry","value":"{\"_name\":\"arkTsWdiget\",\"_value\":false,\"_valueType\":\"boolean\"}"},{"dataType":"ValueEntry","value":"{\"_name\":\"OBFUSCATION_ENABLE\",\"_value\":\"undefined\",\"_valueType\":\"string\"}"},{"dataType":"ValueEntry","value":"{\"_name\":\"BUILTIN_TASK_COMMAND\",\"_value\":\"\",\"_valueType\":\"string\"}"},{"dataType":"ValueEntry","value":"{\"_name\":\"BUILTIN_TASK_TOOLCHAIN\",\"_value\":\"\",\"_valueType\":\"string\"}"},{"dataType":"ValueEntry","value":"{\"_name\":\"BUILTIN_TASK_ENV\",\"_value\":\"\",\"_valueType\":\"string\"}"}],"_successful":true,"_projectName":"Log_in_page","_moduleName":"entry","_taskName":"default@CompileArkTS","_key":":Log_in_page:entry:default@CompileArkTS","_executionId":":Log_in_page:entry:default@CompileArkTS:1721195440053","_inputFiles":{"dataType":"Map","value":[["D:\\01_victor\\02victor_chen\\09_hongmeng\\A_new_day\\Log_in_page\\entry\\build\\default\\intermediates\\loader\\default",{"isDirectory":true,"fileSnapShotHashValue":"81d20d103ff44f1adc7a08ec074b9c76"}],["D:\\01_victor\\02victor_chen\\09_hongmeng\\A_new_day\\Log_in_page\\entry\\build\\default\\intermediates\\res\\default\\ResourceTable.txt",{"fileSnapShotHashValue":"1ea907bab2979e2808324f0cfbd720ef"}],["D:\\01_victor\\02victor_chen\\09_hongmeng\\A_new_day\\Log_in_page\\entry\\build\\default\\intermediates\\res\\default\\resources\\rawfile",{"isDirectory":true,"fileSnapShotHashValue":""}],["D:\\01_victor\\02victor_chen\\09_hongmeng\\A_new_day\\Log_in_page\\entry\\build\\default\\intermediates\\res\\default\\module.json",{"fileSnapShotHashValue":"baab44900a9610b380a649aca635fa17"}],["D:\\01_victor\\02victor_chen\\09_hongmeng\\A_new_day\\Log_in_page\\entry\\build\\default\\intermediates\\res\\default\\resources\\base\\profile",{"isDirectory":true,"fileSnapShotHashValue":"c827afc1b44d6e547d627de942168dd1"}],["D:\\01_victor\\02victor_chen\\09_hongmeng\\A_new_day\\Log_in_page\\entry\\src\\main\\ets",{"isDirectory":true,"fileSnapShotHashValue":"65dda88f05c3680001f7c0ffab9b9923"}]]},"_outputFiles":{"dataType":"Map","value":[["D:\\01_victor\\02victor_chen\\09_hongmeng\\A_new_day\\Log_in_page\\entry\\build\\default\\intermediates\\loader_out\\default\\ets",{"isDirectory":true,"fileSnapShotHashValue":"cfad60eea43c0970b06603ac02eb7d8a"}]]}},":Log_in_page:entry:default@BuildJS":{"_inputs":[{"dataType":"ValueEntry","value":"{\"_name\":\"debuggable\",\"_value\":true,\"_valueType\":\"boolean\"}"},{"dataType":"ValueEntry","value":"{\"_name\":\"isArk\",\"_value\":true,\"_valueType\":\"boolean\"}"},{"dataType":"ValueEntry","value":"{\"_name\":\"needCoverageInsert\",\"_value\":false,\"_valueType\":\"boolean\"}"},{"dataType":"ValueEntry","value":"{\"_name\":\"customTypes\",\"_value\":\"\",\"_valueType\":\"string\"}"},{"dataType":"ValueEntry","value":"{\"_name\":\"BUILTIN_TASK_COMMAND\",\"_value\":\"\",\"_valueType\":\"string\"}"},{"dataType":"ValueEntry","value":"{\"_name\":\"BUILTIN_TASK_TOOLCHAIN\",\"_value\":\"\",\"_valueType\":\"string\"}"},{"dataType":"ValueEntry","value":"{\"_name\":\"BUILTIN_TASK_ENV\",\"_value\":\"\",\"_valueType\":\"string\"}"}],"_successful":false,"_projectName":"Log_in_page","_moduleName":"entry","_taskName":"default@BuildJS","_key":":Log_in_page:entry:default@BuildJS","_executionId":":Log_in_page:entry:default@BuildJS:1721195440061","_inputFiles":{"dataType":"Map","value":[["D:\\01_victor\\02victor_chen\\09_hongmeng\\A_new_day\\Log_in_page\\entry\\build\\default\\intermediates\\loader\\default",{"isDirectory":true,"fileSnapShotHashValue":"81d20d103ff44f1adc7a08ec074b9c76"}],["D:\\01_victor\\02victor_chen\\09_hongmeng\\A_new_day\\Log_in_page\\entry\\build\\default\\intermediates\\res\\default\\ResourceTable.txt",{"fileSnapShotHashValue":"1ea907bab2979e2808324f0cfbd720ef"}],["D:\\01_victor\\02victor_chen\\09_hongmeng\\A_new_day\\Log_in_page\\entry\\build\\default\\intermediates\\res\\default\\resources\\rawfile",{"isDirectory":true,"fileSnapShotHashValue":""}],["D:\\01_victor\\02victor_chen\\09_hongmeng\\A_new_day\\Log_in_page\\entry\\build\\default\\intermediates\\res\\default\\module.json",{"fileSnapShotHashValue":"baab44900a9610b380a649aca635fa17"}],["D:\\01_victor\\02victor_chen\\09_hongmeng\\A_new_day\\Log_in_page\\entry\\build\\default\\intermediates\\res\\default\\resources\\base\\profile",{"isDirectory":true,"fileSnapShotHashValue":"c827afc1b44d6e547d627de942168dd1"}]]},"_outputFiles":{"dataType":"Map","value":[["D:\\01_victor\\02victor_chen\\09_hongmeng\\A_new_day\\Log_in_page\\entry\\build\\default\\intermediates\\loader_out\\default\\js",{"isDirectory":true,"fileSnapShotHashValue":""}]]}},":Log_in_page:entry:default@PackageHap":{"_inputs":[{"dataType":"ValueEntry","value":"{\"_name\":\"hotReload\",\"_value\":false,\"_valueType\":\"boolean\"}"},{"dataType":"ValueEntry","value":"{\"_name\":\"BUILTIN_TASK_COMMAND\",\"_value\":\"java,-Dfile.encoding=utf-8,-jar,D:\\\\02_backup\\\\62_devecostudio\\\\SDK\\\\openharmony\\\\9\\\\toolchains\\\\lib\\\\app_packing_tool.jar,--mode,hap,--force,true,--lib-path,D:\\\\01_victor\\\\02victor_chen\\\\09_hongmeng\\\\A_new_day\\\\Log_in_page\\\\entry\\\\build\\\\default\\\\intermediates\\\\libs\\\\default,--json-path,D:\\\\01_victor\\\\02victor_chen\\\\09_hongmeng\\\\A_new_day\\\\Log_in_page\\\\entry\\\\build\\\\default\\\\intermediates\\\\res\\\\default\\\\module.json,--resources-path,D:\\\\01_victor\\\\02victor_chen\\\\09_hongmeng\\\\A_new_day\\\\Log_in_page\\\\entry\\\\build\\\\default\\\\intermediates\\\\res\\\\default\\\\resources,--index-path,D:\\\\01_victor\\\\02victor_chen\\\\09_hongmeng\\\\A_new_day\\\\Log_in_page\\\\entry\\\\build\\\\default\\\\intermediates\\\\res\\\\default\\\\resources.index,--pack-info-path,D:\\\\01_victor\\\\02victor_chen\\\\09_hongmeng\\\\A_new_day\\\\Log_in_page\\\\entry\\\\build\\\\default\\\\outputs\\\\default\\\\pack.info,--out-path,D:\\\\01_victor\\\\02victor_chen\\\\09_hongmeng\\\\A_new_day\\\\Log_in_page\\\\entry\\\\build\\\\default\\\\outputs\\\\default\\\\entry-default-unsigned.hap,--ets-path,D:\\\\01_victor\\\\02victor_chen\\\\09_hongmeng\\\\A_new_day\\\\Log_in_page\\\\entry\\\\build\\\\default\\\\intermediates\\\\loader_out\\\\default\\\\ets\",\"_valueType\":\"string\"}"},{"dataType":"ValueEntry","value":"{\"_name\":\"BUILTIN_TASK_TOOLCHAIN\",\"_value\":\"D:\\\\02_backup\\\\62_devecostudio\\\\SDK\\\\openharmony\\\\9\\\\toolchains\\\\lib\\\\app_packing_tool.jar\",\"_valueType\":\"string\"}"},{"dataType":"ValueEntry","value":"{\"_name\":\"BUILTIN_TASK_ENV\",\"_value\":\"\",\"_valueType\":\"string\"}"}],"_successful":true,"_projectName":"Log_in_page","_moduleName":"entry","_taskName":"default@PackageHap","_key":":Log_in_page:entry:default@PackageHap","_executionId":":Log_in_page:entry:default@PackageHap:1721195442686","_inputFiles":{"dataType":"Map","value":[["D:\\01_victor\\02victor_chen\\09_hongmeng\\A_new_day\\Log_in_page\\entry\\build\\default\\intermediates\\libs\\default",{"isDirectory":false,"fileSnapShotHashValue":""}],["D:\\01_victor\\02victor_chen\\09_hongmeng\\A_new_day\\Log_in_page\\entry\\build\\default\\intermediates\\res\\default\\module.json",{"isDirectory":false,"fileSnapShotHashValue":"baab44900a9610b380a649aca635fa17"}],["D:\\01_victor\\02victor_chen\\09_hongmeng\\A_new_day\\Log_in_page\\entry\\build\\default\\intermediates\\res\\default\\resources",{"isDirectory":false,"fileSnapShotHashValue":"a1490c4e856369d1ef9ab772517441a9"}],["D:\\01_victor\\02victor_chen\\09_hongmeng\\A_new_day\\Log_in_page\\entry\\build\\default\\intermediates\\res\\default\\resources.index",{"isDirectory":false,"fileSnapShotHashValue":"2f121499c6d0aa5492e8e02e9a0adeed"}],["D:\\01_victor\\02victor_chen\\09_hongmeng\\A_new_day\\Log_in_page\\entry\\build\\default\\outputs\\default\\pack.info",{"isDirectory":false,"fileSnapShotHashValue":"41708f3b45714ecd3538f35e9d1ccd48"}],["D:\\01_victor\\02victor_chen\\09_hongmeng\\A_new_day\\Log_in_page\\entry\\build\\default\\intermediates\\loader_out\\default\\ets",{"isDirectory":false,"fileSnapShotHashValue":"cfad60eea43c0970b06603ac02eb7d8a"}]]},"_outputFiles":{"dataType":"Map","value":[["D:\\01_victor\\02victor_chen\\09_hongmeng\\A_new_day\\Log_in_page\\entry\\build\\default\\outputs\\default\\entry-default-unsigned.hap",{"isDirectory":false,"fileSnapShotHashValue":"cb0b9b655b2b9c370af1f6f2537bd618"}]]}},":Log_in_page:entry:default@SignHap":{"_inputs":[{"dataType":"ValueEntry","value":"{\"_name\":\"sdkToolchainsComponentVersion\",\"_value\":\"3.2.3.6\",\"_valueType\":\"string\"}"},{"dataType":"ValueEntry","value":"{\"_name\":\"existSigningConfig\",\"_value\":true,\"_valueType\":\"boolean\"}"},{"dataType":"ValueEntry","value":"{\"_name\":\"signingConfig_name\",\"_value\":\"default\",\"_valueType\":\"string\"}"},{"dataType":"ValueEntry","value":"{\"_name\":\"signingConfig_type\",\"_value\":\"HarmonyOS\",\"_valueType\":\"string\"}"},{"dataType":"ValueEntry","value":"{\"_name\":\"existMaterial\",\"_value\":true,\"_valueType\":\"boolean\"}"},{"dataType":"ValueEntry","value":"{\"_name\":\"signingConfig_signAlg\",\"_value\":\"SHA256withECDSA\",\"_valueType\":\"string\"}"},{"dataType":"ValueEntry","value":"{\"_name\":\"signingConfig_keyAlias\",\"_value\":\"debugKey\",\"_valueType\":\"string\"}"},{"dataType":"ValueEntry","value":"{\"_name\":\"signingConfig_keyPassword\",\"_value\":\"0000001B8507543C29E692C009B88B81B7A55A80689B188A86B9DDEDBBC0316F46D23C702234F824C4FB7B\",\"_valueType\":\"string\"}"},{"dataType":"ValueEntry","value":"{\"_name\":\"signingConfig_storePassword\",\"_value\":\"0000001B5D7BFD4FB9C03D8295E18B697DFD8764B1C79D94108BDCADBB1606B6F437C0C2EBDE7E2218E03F\",\"_valueType\":\"string\"}"},{"dataType":"ValueEntry","value":"{\"_name\":\"BUILTIN_TASK_COMMAND\",\"_value\":\"\",\"_valueType\":\"string\"}"},{"dataType":"ValueEntry","value":"{\"_name\":\"BUILTIN_TASK_TOOLCHAIN\",\"_value\":\"\",\"_valueType\":\"string\"}"},{"dataType":"ValueEntry","value":"{\"_name\":\"BUILTIN_TASK_ENV\",\"_value\":\"\",\"_valueType\":\"string\"}"}],"_successful":true,"_projectName":"Log_in_page","_moduleName":"entry","_taskName":"default@SignHap","_key":":Log_in_page:entry:default@SignHap","_executionId":":Log_in_page:entry:default@SignHap:1721195443446","_inputFiles":{"dataType":"Map","value":[["C:\\Users\\Victor\\.ohos\\config\\auto_debug_Log_in_page_com.example.log_in_page_2850086000510629216.cer",{"isDirectory":false,"fileSnapShotHashValue":"ba1b7dbfc739069d874589578b85d9d1"}],["C:\\Users\\Victor\\.ohos\\config\\auto_debug_Log_in_page_com.example.log_in_page_2850086000510629216.p7b",{"isDirectory":false,"fileSnapShotHashValue":"e7fa4579290e44deef423be306d2e42d"}],["C:\\Users\\Victor\\.ohos\\config\\auto_debug_Log_in_page_com.example.log_in_page_2850086000510629216.p12",{"isDirectory":false,"fileSnapShotHashValue":"d8893e9c0023fcd799a45be9baad261d"}],["D:\\01_victor\\02victor_chen\\09_hongmeng\\A_new_day\\Log_in_page\\entry\\build\\default\\outputs\\default\\entry-default-unsigned.hap",{"isDirectory":false,"fileSnapShotHashValue":"cb0b9b655b2b9c370af1f6f2537bd618"}]]},"_outputFiles":{"dataType":"Map","value":[["D:\\01_victor\\02victor_chen\\09_hongmeng\\A_new_day\\Log_in_page\\entry\\build\\default\\outputs\\default\\entry-default-signed.hap",{"isDirectory":false,"fileSnapShotHashValue":"58d0c31745b12e27bdb8f6c58a4b1828"}]]}}}